nave_x,nave_y,jugador_x,jugador_y,bala1_x,bala1_y,velocidad_bala1,saltar,colision_bala1,bala2_x,bala2_y,velocidad_bala2,tecla_izquierda,tecla_ninguna,tecla_derecha
700,300,50,300,745,310,-5,0,0,664,-45,5,0,1,0
700,300,50,300,740,310,-5,0,0,664,-40,5,0,1,0
700,300,50,300,735,310,-5,0,0,664,-35,5,0,1,0
700,300,50,300,730,310,-5,0,0,664,-30,5,0,1,0
700,300,50,300,725,310,-5,0,0,664,-25,5,0,1,0
700,300,50,300,720,310,-5,0,0,664,-20,5,0,1,0
700,300,50,300,715,310,-5,0,0,664,-15,5,0,1,0
700,300,50,300,710,310,-5,0,0,664,-10,5,0,1,0
700,300,50,300,705,310,-5,0,0,664,-5,5,0,1,0
700,300,50,300,700,310,-5,0,0,664,0,5,0,1,0
700,300,50,300,695,310,-5,0,0,664,5,5,0,1,0
700,300,50,300,690,310,-5,0,0,664,10,5,0,1,0
700,300,50,300,685,310,-5,0,0,664,15,5,0,1,0
700,300,50,300,680,310,-5,0,0,664,20,5,0,1,0
700,300,50,300,675,310,-5,0,0,664,25,5,0,1,0
700,300,50,300,670,310,-5,0,0,664,30,5,0,1,0
700,300,50,300,665,310,-5,0,0,664,35,5,0,1,0
700,300,50,300,660,310,-5,0,0,664,40,5,0,1,0
700,300,50,285,655,310,-5,1,0,664,45,5,0,1,0
700,300,50,271,650,310,-5,1,0,664,50,5,0,1,0
700,300,50,258,645,310,-5,1,0,664,55,5,0,1,0
700,300,50,246,640,310,-5,1,0,664,60,5,0,1,0
700,300,50,235,635,310,-5,1,0,664,65,5,0,1,0
700,300,50,225,630,310,-5,1,0,664,70,5,0,1,0
700,300,50,216,625,310,-5,1,0,664,75,5,0,1,0
700,300,50,208,620,310,-5,1,0,664,80,5,0,1,0
700,300,50,201,615,310,-5,1,0,664,85,5,0,1,0
700,300,50,195,610,310,-5,1,0,664,90,5,0,1,0
700,300,50,190,605,310,-5,1,0,664,95,5,0,1,0
700,300,50,186,600,310,-5,1,0,664,100,5,0,1,0
700,300,50,183,595,310,-5,1,0,664,105,5,0,1,0
700,300,50,181,590,310,-5,1,0,664,110,5,0,1,0
700,300,50,180,585,310,-5,1,0,664,115,5,0,1,0
700,300,50,180,580,310,-5,1,0,664,120,5,0,1,0
700,300,50,181,575,310,-5,1,0,664,125,5,0,1,0
700,300,50,183,570,310,-5,1,0,664,130,5,0,1,0
700,300,50,186,565,310,-5,1,0,664,135,5,0,1,0
700,300,50,190,560,310,-5,1,0,664,140,5,0,1,0
700,300,50,195,555,310,-5,1,0,664,145,5,0,1,0
700,300,50,201,550,310,-5,1,0,664,150,5,0,1,0
700,300,50,208,545,310,-5,1,0,664,155,5,0,1,0
700,300,50,216,540,310,-5,1,0,664,160,5,0,1,0
700,300,50,225,535,310,-5,1,0,664,165,5,0,1,0
700,300,50,235,530,310,-5,1,0,664,170,5,0,1,0
700,300,50,246,525,310,-5,1,0,664,175,5,0,1,0
700,300,50,258,520,310,-5,1,0,664,180,5,0,1,0
700,300,50,271,515,310,-5,1,0,664,185,5,0,1,0
700,300,50,285,510,310,-5,1,0,664,190,5,0,1,0
700,300,50,300,505,310,-5,0,0,664,195,5,0,1,0
700,300,50,300,500,310,-5,0,0,664,200,5,0,1,0
700,300,50,300,495,310,-5,0,0,664,205,5,0,1,0
700,300,50,285,490,310,-5,1,0,664,210,5,0,1,0
700,300,50,271,485,310,-5,1,0,664,215,5,0,1,0
700,300,50,258,480,310,-5,1,0,664,220,5,0,1,0
700,300,50,246,475,310,-5,1,0,664,225,5,0,1,0
700,300,50,235,470,310,-5,1,0,664,230,5,0,1,0
700,300,50,225,465,310,-5,1,0,664,235,5,0,1,0
700,300,50,216,460,310,-5,1,0,664,240,5,0,1,0
700,300,50,208,455,310,-5,1,0,664,245,5,0,1,0
700,300,50,201,450,310,-5,1,0,664,250,5,0,1,0
700,300,50,195,445,310,-5,1,0,664,255,5,0,1,0
700,300,50,190,440,310,-5,1,0,664,260,5,0,1,0
700,300,50,186,435,310,-5,1,0,664,265,5,0,1,0
700,300,50,183,430,310,-5,1,0,664,270,5,0,1,0
700,300,50,181,425,310,-5,1,0,664,275,5,0,1,0
700,300,50,180,420,310,-5,1,0,664,280,5,0,1,0
700,300,50,180,415,310,-5,1,0,664,285,5,0,1,0
700,300,50,181,410,310,-5,1,0,664,290,5,0,1,0
700,300,50,183,405,310,-5,1,0,664,295,5,0,1,0
700,300,50,186,400,310,-5,1,0,664,300,5,0,1,0
700,300,50,190,395,310,-5,1,0,664,305,5,0,1,0
700,300,50,195,390,310,-5,1,0,664,310,5,0,1,0
700,300,50,201,385,310,-5,1,0,664,315,5,0,1,0
700,300,50,208,380,310,-5,1,0,664,320,5,0,1,0
700,300,50,216,375,310,-5,1,0,664,325,5,0,1,0
700,300,50,225,370,310,-5,1,0,664,330,5,0,1,0
700,300,50,235,365,310,-5,1,0,664,335,5,0,1,0
700,300,50,246,360,310,-5,1,0,664,340,5,0,1,0
700,300,50,258,355,310,-5,1,0,664,345,5,0,1,0
700,300,50,271,350,310,-5,1,0,664,350,5,0,1,0
700,300,50,285,345,310,-5,1,0,664,355,5,0,1,0
700,300,50,300,340,310,-5,0,0,664,360,5,0,1,0
700,300,50,300,335,310,-5,0,0,664,365,5,0,1,0
700,300,50,300,330,310,-5,0,0,664,370,5,0,1,0
700,300,50,300,325,310,-5,0,0,664,375,5,0,1,0
700,300,50,300,320,310,-5,0,0,664,380,5,0,1,0
700,300,50,300,315,310,-5,0,0,664,385,5,0,1,0
700,300,50,300,310,310,-5,0,0,664,390,5,0,1,0
700,300,50,300,305,310,-5,0,0,664,395,5,0,1,0
700,300,50,300,300,310,-5,0,0,664,400,5,0,1,0
700,300,50,300,295,310,-5,0,0,50,-50,5,0,1,0
700,300,50,300,290,310,-5,0,0,50,-45,5,0,1,0
700,300,50,300,285,310,-5,0,0,50,-40,5,0,1,0
700,300,50,300,280,310,-5,0,0,50,-35,5,0,1,0
700,300,50,300,275,310,-5,0,0,50,-30,5,0,1,0
700,300,50,300,270,310,-5,0,0,50,-25,5,0,1,0
700,300,50,300,265,310,-5,0,0,50,-20,5,0,1,0
700,300,50,300,260,310,-5,0,0,50,-15,5,0,1,0
700,300,50,300,255,310,-5,0,0,50,-10,5,0,1,0
700,300,50,300,250,310,-5,0,0,50,-5,5,0,1,0
700,300,50,300,245,310,-5,0,0,50,0,5,0,1,0
700,300,50,300,240,310,-5,0,0,50,5,5,0,1,0
700,300,50,300,235,310,-5,0,0,50,10,5,0,1,0
700,300,50,300,230,310,-5,0,0,50,15,5,0,1,0
700,300,50,300,225,310,-5,0,0,50,20,5,0,1,0
700,300,50,300,220,310,-5,0,0,50,25,5,0,1,0
700,300,50,300,215,310,-5,0,0,50,30,5,0,1,0
700,300,50,300,210,310,-5,0,0,50,35,5,0,1,0
700,300,50,300,205,310,-5,0,0,50,40,5,0,1,0
700,300,50,285,200,310,-5,1,0,50,45,5,0,1,0
700,300,50,271,195,310,-5,1,0,50,50,5,0,1,0
700,300,50,258,190,310,-5,1,0,50,55,5,0,1,0
700,300,50,246,185,310,-5,1,0,50,60,5,0,1,0
700,300,50,235,180,310,-5,1,0,50,65,5,0,1,0
700,300,50,225,175,310,-5,1,0,50,70,5,0,1,0
700,300,50,216,170,310,-5,1,0,50,75,5,0,1,0
700,300,50,208,165,310,-5,1,0,50,80,5,0,1,0
700,300,50,201,160,310,-5,1,0,50,85,5,0,1,0
700,300,50,195,155,310,-5,1,0,50,90,5,0,1,0
700,300,50,190,150,310,-5,1,0,50,95,5,0,1,0
700,300,50,186,145,310,-5,1,0,50,100,5,0,1,0
700,300,50,183,140,310,-5,1,0,50,105,5,0,1,0
700,300,50,181,135,310,-5,1,0,50,110,5,0,1,0
700,300,50,180,130,310,-5,1,0,50,115,5,0,1,0
700,300,50,180,125,310,-5,1,0,50,120,5,0,1,0
700,300,50,181,120,310,-5,1,0,50,125,5,0,1,0
700,300,50,183,115,310,-5,1,0,50,130,5,0,1,0
700,300,50,186,110,310,-5,1,0,50,135,5,0,1,0
700,300,50,190,105,310,-5,1,0,50,140,5,0,1,0
700,300,50,195,100,310,-5,1,0,50,145,5,0,1,0
700,300,50,201,95,310,-5,1,0,50,150,5,0,1,0
700,300,50,208,90,310,-5,1,0,50,155,5,0,1,0
700,300,50,216,85,310,-5,1,0,50,160,5,0,1,0
700,300,50,225,80,310,-5,1,0,50,165,5,0,1,0
700,300,50,235,75,310,-5,1,0,50,170,5,0,1,0
700,300,50,246,70,310,-5,1,0,50,175,5,0,1,0
700,300,50,258,65,310,-5,1,0,50,180,5,0,1,0
700,300,50,300,744,310,-6,0,0,634,-47,3,0,1,0
700,300,50,300,738,310,-6,0,0,634,-44,3,0,1,0
700,300,50,300,732,310,-6,0,0,634,-41,3,0,1,0
700,300,50,300,726,310,-6,0,0,634,-38,3,0,1,0
700,300,50,300,720,310,-6,0,0,634,-35,3,0,1,0
700,300,50,300,714,310,-6,0,0,634,-32,3,0,1,0
700,300,50,300,708,310,-6,0,0,634,-29,3,0,1,0
700,300,50,300,702,310,-6,0,0,634,-26,3,0,1,0
700,300,50,300,696,310,-6,0,0,634,-23,3,0,1,0
700,300,50,300,690,310,-6,0,0,634,-20,3,0,1,0
700,300,50,300,684,310,-6,0,0,634,-17,3,0,1,0
700,300,50,300,678,310,-6,0,0,634,-14,3,0,1,0
700,300,50,300,672,310,-6,0,0,634,-11,3,0,1,0
700,300,50,300,666,310,-6,0,0,634,-8,3,0,1,0
700,300,50,300,660,310,-6,0,0,634,-5,3,0,1,0
700,300,50,300,654,310,-6,0,0,634,-2,3,0,1,0
700,300,50,300,648,310,-6,0,0,634,1,3,0,1,0
700,300,50,300,642,310,-6,0,0,634,4,3,0,1,0
700,300,50,300,636,310,-6,0,0,634,7,3,0,1,0
700,300,50,300,630,310,-6,0,0,634,10,3,0,1,0
700,300,50,300,624,310,-6,0,0,634,13,3,0,1,0
700,300,50,285,618,310,-6,1,0,634,16,3,0,1,0
700,300,50,271,612,310,-6,1,0,634,19,3,0,1,0
700,300,50,258,606,310,-6,1,0,634,22,3,0,1,0
700,300,50,246,600,310,-6,1,0,634,25,3,0,1,0
700,300,50,235,594,310,-6,1,0,634,28,3,0,1,0
700,300,50,225,588,310,-6,1,0,634,31,3,0,1,0
700,300,50,216,582,310,-6,1,0,634,34,3,0,1,0
700,300,50,208,576,310,-6,1,0,634,37,3,0,1,0
700,300,50,201,570,310,-6,1,0,634,40,3,0,1,0
700,300,50,195,564,310,-6,1,0,634,43,3,0,1,0
700,300,50,190,558,310,-6,1,0,634,46,3,0,1,0
700,300,50,186,552,310,-6,1,0,634,49,3,0,1,0
700,300,50,183,546,310,-6,1,0,634,52,3,0,1,0
700,300,50,181,540,310,-6,1,0,634,55,3,0,1,0
700,300,50,180,534,310,-6,1,0,634,58,3,0,1,0
700,300,50,180,528,310,-6,1,0,634,61,3,0,1,0
700,300,50,181,522,310,-6,1,0,634,64,3,0,1,0
700,300,50,183,516,310,-6,1,0,634,67,3,0,1,0
700,300,50,186,510,310,-6,1,0,634,70,3,0,1,0
700,300,50,190,504,310,-6,1,0,634,73,3,0,1,0
700,300,50,195,498,310,-6,1,0,634,76,3,0,1,0
700,300,50,201,492,310,-6,1,0,634,79,3,0,1,0
700,300,50,208,486,310,-6,1,0,634,82,3,0,1,0
700,300,50,216,480,310,-6,1,0,634,85,3,0,1,0
700,300,50,225,474,310,-6,1,0,634,88,3,0,1,0
700,300,50,235,468,310,-6,1,0,634,91,3,0,1,0
700,300,50,246,462,310,-6,1,0,634,94,3,0,1,0
700,300,50,258,456,310,-6,1,0,634,97,3,0,1,0
700,300,50,271,450,310,-6,1,0,634,100,3,0,1,0
700,300,50,285,444,310,-6,1,0,634,103,3,0,1,0
700,300,50,300,438,310,-6,0,0,634,106,3,0,1,0
700,300,50,300,432,310,-6,0,0,634,109,3,0,1,0
700,300,50,300,426,310,-6,0,0,634,112,3,0,1,0
700,300,50,300,420,310,-6,0,0,634,115,3,0,1,0
700,300,50,300,414,310,-6,0,0,634,118,3,0,1,0
700,300,50,300,408,310,-6,0,0,634,121,3,0,1,0
700,300,50,300,402,310,-6,0,0,634,124,3,0,1,0
700,300,50,300,396,310,-6,0,0,634,127,3,0,1,0
700,300,50,300,390,310,-6,0,0,634,130,3,0,1,0
700,300,50,300,384,310,-6,0,0,634,133,3,0,1,0
700,300,50,300,378,310,-6,0,0,634,136,3,0,1,0
700,300,50,300,372,310,-6,0,0,634,139,3,0,1,0
700,300,50,300,366,310,-6,0,0,634,142,3,0,1,0
700,300,50,300,360,310,-6,0,0,634,145,3,0,1,0
700,300,50,285,354,310,-6,1,0,634,148,3,0,1,0
700,300,50,271,348,310,-6,1,0,634,151,3,0,1,0
700,300,50,258,342,310,-6,1,0,634,154,3,0,1,0
700,300,50,246,336,310,-6,1,0,634,157,3,0,1,0
700,300,50,235,330,310,-6,1,0,634,160,3,0,1,0
700,300,50,225,324,310,-6,1,0,634,163,3,0,1,0
700,300,50,216,318,310,-6,1,0,634,166,3,0,1,0
700,300,50,208,312,310,-6,1,0,634,169,3,0,1,0
700,300,50,201,306,310,-6,1,0,634,172,3,0,1,0
700,300,50,195,300,310,-6,1,0,634,175,3,0,1,0
700,300,50,190,294,310,-6,1,0,634,178,3,0,1,0
700,300,50,186,288,310,-6,1,0,634,181,3,0,1,0
700,300,50,183,282,310,-6,1,0,634,184,3,0,1,0
700,300,50,181,276,310,-6,1,0,634,187,3,0,1,0
700,300,50,180,270,310,-6,1,0,634,190,3,0,1,0
700,300,50,180,264,310,-6,1,0,634,193,3,0,1,0
700,300,50,181,258,310,-6,1,0,634,196,3,0,1,0
700,300,50,183,252,310,-6,1,0,634,199,3,0,1,0
700,300,50,186,246,310,-6,1,0,634,202,3,0,1,0
700,300,50,190,240,310,-6,1,0,634,205,3,0,1,0
700,300,50,195,234,310,-6,1,0,634,208,3,0,1,0
700,300,50,201,228,310,-6,1,0,634,211,3,0,1,0
700,300,50,208,222,310,-6,1,0,634,214,3,0,1,0
700,300,50,216,216,310,-6,1,0,634,217,3,0,1,0
700,300,50,225,210,310,-6,1,0,634,220,3,0,1,0
700,300,50,235,204,310,-6,1,0,634,223,3,0,1,0
700,300,50,246,198,310,-6,1,0,634,226,3,0,1,0
700,300,50,258,192,310,-6,1,0,634,229,3,0,1,0
700,300,50,271,186,310,-6,1,0,634,232,3,0,1,0
700,300,50,285,180,310,-6,1,0,634,235,3,0,1,0
700,300,50,300,174,310,-6,0,0,634,238,3,0,1,0
700,300,50,300,168,310,-6,0,0,634,241,3,0,1,0
700,300,50,300,162,310,-6,0,0,634,244,3,0,1,0
700,300,50,300,156,310,-6,0,0,634,247,3,0,1,0
700,300,50,285,150,310,-6,1,0,634,250,3,0,1,0
700,300,50,271,144,310,-6,1,0,634,253,3,0,1,0
700,300,50,258,138,310,-6,1,0,634,256,3,0,1,0
700,300,50,246,132,310,-6,1,0,634,259,3,0,1,0
700,300,50,235,126,310,-6,1,0,634,262,3,0,1,0
700,300,50,225,120,310,-6,1,0,634,265,3,0,1,0
700,300,50,216,114,310,-6,1,0,634,268,3,0,1,0
700,300,50,208,108,310,-6,1,0,634,271,3,0,1,0
700,300,50,201,102,310,-6,1,0,634,274,3,0,1,0
700,300,50,195,96,310,-6,1,0,634,277,3,0,1,0
700,300,50,190,90,310,-6,1,0,634,280,3,0,1,0
700,300,50,186,84,310,-6,1,0,634,283,3,0,1,0
700,300,50,183,78,310,-6,1,0,634,286,3,0,1,0
700,300,50,181,72,310,-6,1,0,634,289,3,0,1,0
700,300,50,180,66,310,-6,1,0,634,292,3,0,1,0
700,300,50,180,60,310,-6,1,0,634,295,3,0,1,0
700,300,50,181,54,310,-6,1,0,634,298,3,0,1,0
700,300,50,183,48,310,-6,1,0,634,301,3,0,1,0
700,300,50,186,42,310,-6,1,0,634,304,3,0,1,0
700,300,50,190,36,310,-6,1,0,634,307,3,0,1,0
700,300,50,195,30,310,-6,1,0,634,310,3,0,1,0
700,300,50,201,24,310,-6,1,0,634,313,3,0,1,0
700,300,50,208,18,310,-6,1,0,634,316,3,0,1,0
700,300,50,216,12,310,-6,1,0,634,319,3,0,1,0
700,300,50,225,6,310,-6,1,0,634,322,3,0,1,0
700,300,50,235,0,310,-6,1,0,634,325,3,0,1,0
700,300,50,246,750,310,-6,1,0,634,328,3,0,1,0
700,300,50,258,747,310,-3,1,0,634,331,3,0,1,0
700,300,50,271,744,310,-3,1,0,634,334,3,0,1,0
700,300,50,285,741,310,-3,1,0,634,337,3,0,1,0
700,300,50,300,738,310,-3,0,0,634,340,3,0,1,0
700,300,50,300,735,310,-3,0,0,634,343,3,0,1,0
700,300,50,300,732,310,-3,0,0,634,346,3,0,1,0
700,300,50,300,729,310,-3,0,0,634,349,3,0,1,0
700,300,50,300,726,310,-3,0,0,634,352,3,0,1,0
700,300,50,300,723,310,-3,0,0,634,355,3,0,1,0
700,300,55,300,720,310,-3,0,0,634,358,3,0,0,1
700,300,60,300,717,310,-3,0,0,634,361,3,0,0,1
700,300,65,300,714,310,-3,0,0,634,364,3,0,0,1
700,300,70,300,711,310,-3,0,0,634,367,3,0,0,1
700,300,70,300,708,310,-3,0,0,634,370,3,0,1,0
700,300,75,300,705,310,-3,0,0,634,373,3,0,0,1
700,300,80,300,702,310,-3,0,0,634,376,3,0,0,1
700,300,85,300,699,310,-3,0,0,634,379,3,0,0,1
700,300,90,300,696,310,-3,0,0,634,382,3,0,0,1
700,300,90,300,693,310,-3,0,0,634,385,3,0,1,0
700,300,90,300,690,310,-3,0,0,634,388,3,0,1,0
700,300,95,300,687,310,-3,0,0,634,391,3,0,0,1
700,300,100,300,684,310,-3,0,0,634,394,3,0,0,1
700,300,105,300,681,310,-3,0,0,634,397,3,0,0,1
700,300,110,300,678,310,-3,0,0,634,400,3,0,0,1
700,300,105,300,675,310,-3,0,0,105,-50,5,1,0,0
700,300,100,300,672,310,-3,0,0,105,-45,5,1,0,0
700,300,95,300,669,310,-3,0,0,105,-40,5,1,0,0
700,300,90,300,666,310,-3,0,0,105,-35,5,1,0,0
700,300,90,300,663,310,-3,0,0,105,-30,5,0,0,1
700,300,95,300,660,310,-3,0,0,105,-25,5,0,0,1
700,300,100,300,657,310,-3,0,0,105,-20,5,0,0,1
700,300,105,300,654,310,-3,0,0,105,-15,5,0,0,1
700,300,110,300,651,310,-3,0,0,105,-10,5,0,0,1
700,300,115,300,648,310,-3,0,0,105,-5,5,0,0,1
700,300,115,300,645,310,-3,0,0,105,0,5,0,0,1
700,300,115,300,642,310,-3,0,0,105,5,5,0,0,1
700,300,120,300,639,310,-3,0,0,105,10,5,0,0,1
700,300,125,300,636,310,-3,0,0,105,15,5,0,0,1
700,300,120,300,633,310,-3,0,0,105,20,5,1,0,0
700,300,115,300,630,310,-3,0,0,105,25,5,1,0,0
700,300,115,300,627,310,-3,0,0,105,30,5,0,0,1
700,300,115,300,624,310,-3,0,0,105,35,5,0,0,1
700,300,120,300,621,310,-3,0,0,105,40,5,0,0,1
700,300,125,300,618,310,-3,0,0,105,45,5,0,0,1
700,300,120,300,615,310,-3,0,0,105,50,5,1,0,0
700,300,115,300,612,310,-3,0,0,105,55,5,1,0,0
700,300,110,300,609,310,-3,0,0,105,60,5,1,0,0
700,300,110,300,606,310,-3,0,0,105,65,5,0,0,1
700,300,115,300,603,310,-3,0,0,105,70,5,0,0,1
700,300,120,300,600,310,-3,0,0,105,75,5,0,0,1
700,300,115,300,597,310,-3,0,0,105,80,5,1,0,0
700,300,110,300,594,310,-3,0,0,105,85,5,1,0,0
700,300,110,300,591,310,-3,0,0,105,90,5,0,0,1
700,300,115,300,588,310,-3,0,0,105,95,5,0,0,1
700,300,120,300,585,310,-3,0,0,105,100,5,0,0,1
700,300,125,300,582,310,-3,0,0,105,105,5,0,0,1
700,300,120,300,579,310,-3,0,0,105,110,5,1,0,0
700,300,115,300,576,310,-3,0,0,105,115,5,1,0,0
700,300,115,300,573,310,-3,0,0,105,120,5,0,0,1
700,300,115,300,570,310,-3,0,0,105,125,5,0,0,1
700,300,120,300,567,310,-3,0,0,105,130,5,0,0,1
700,300,125,300,564,310,-3,0,0,105,135,5,0,0,1
700,300,130,300,561,310,-3,0,0,105,140,5,0,0,1
700,300,130,300,558,310,-3,0,0,105,145,5,0,1,0
700,300,130,300,555,310,-3,0,0,105,150,5,0,1,0
700,300,130,300,552,310,-3,0,0,105,155,5,0,1,0
700,300,130,300,549,310,-3,0,0,105,160,5,0,1,0
700,300,130,300,546,310,-3,0,0,105,165,5,0,1,0
700,300,130,300,543,310,-3,0,0,105,170,5,0,1,0
700,300,130,300,540,310,-3,0,0,105,175,5,0,1,0
700,300,130,300,537,310,-3,0,0,105,180,5,0,1,0
700,300,130,300,534,310,-3,0,0,105,185,5,0,1,0
700,300,130,300,531,310,-3,0,0,105,190,5,0,1,0
700,300,130,300,528,310,-3,0,0,105,195,5,0,1,0
700,300,130,300,525,310,-3,0,0,105,200,5,0,1,0
700,300,125,300,522,310,-3,0,0,105,205,5,1,0,0
700,300,125,300,519,310,-3,0,0,105,210,5,0,0,1
700,300,130,300,516,310,-3,0,0,105,215,5,0,0,1
700,300,135,300,513,310,-3,0,0,105,220,5,0,0,1
700,300,140,300,510,310,-3,0,0,105,225,5,0,0,1
700,300,140,300,507,310,-3,0,0,105,230,5,0,1,0
700,300,140,300,504,310,-3,0,0,105,235,5,0,1,0
700,300,135,300,501,310,-3,0,0,105,240,5,1,0,0
700,300,130,300,498,310,-3,0,0,105,245,5,1,0,0
700,300,125,300,495,310,-3,0,0,105,250,5,1,0,0
700,300,120,300,492,310,-3,0,0,105,255,5,1,0,0
700,300,125,300,489,310,-3,0,0,105,260,5,0,0,1
700,300,130,300,486,310,-3,0,0,105,265,5,0,0,1
700,300,135,300,483,310,-3,0,0,105,270,5,0,0,1
700,300,140,300,480,310,-3,0,0,105,275,5,0,0,1
700,300,145,300,477,310,-3,0,0,105,280,5,0,0,1
700,300,150,300,474,310,-3,0,0,105,285,5,0,0,1
700,300,150,300,471,310,-3,0,0,105,290,5,0,1,0
700,300,150,300,468,310,-3,0,0,105,295,5,0,1,0
700,300,150,285,465,310,-3,1,0,105,300,5,0,1,0
700,300,150,271,462,310,-3,1,0,105,305,5,0,1,0
700,300,155,258,459,310,-3,1,0,105,310,5,0,0,1
700,300,160,246,456,310,-3,1,0,105,315,5,0,0,1
700,300,165,235,453,310,-3,1,0,105,320,5,0,0,1
700,300,170,225,450,310,-3,1,0,105,325,5,0,0,1
700,300,175,216,447,310,-3,1,0,105,330,5,0,0,1
700,300,180,208,444,310,-3,1,0,105,335,5,0,0,1
700,300,185,201,441,310,-3,1,0,105,340,5,0,0,1
700,300,190,195,438,310,-3,1,0,105,345,5,0,0,1
700,300,195,190,435,310,-3,1,0,105,350,5,0,0,1
700,300,200,186,432,310,-3,1,0,105,355,5,0,0,1
700,300,205,183,429,310,-3,1,0,105,360,5,0,0,1
700,300,210,181,426,310,-3,1,0,105,365,5,0,0,1
700,300,215,180,423,310,-3,1,0,105,370,5,0,0,1
700,300,220,180,420,310,-3,1,0,105,375,5,0,0,1
700,300,225,181,417,310,-3,1,0,105,380,5,0,0,1
700,300,230,183,414,310,-3,1,0,105,385,5,0,0,1
700,300,235,186,411,310,-3,1,0,105,390,5,0,0,1
700,300,240,190,408,310,-3,1,0,105,395,5,0,0,1
700,300,245,195,405,310,-3,1,0,105,400,5,0,0,1
700,300,245,201,402,310,-3,1,0,245,-50,3,0,1,0
700,300,245,208,399,310,-3,1,0,245,-47,3,0,1,0
700,300,250,216,396,310,-3,1,0,245,-44,3,0,0,1
700,300,255,225,393,310,-3,1,0,245,-41,3,0,0,1
700,300,260,235,390,310,-3,1,0,245,-38,3,0,0,1
700,300,265,246,387,310,-3,1,0,245,-35,3,0,0,1
700,300,270,258,384,310,-3,1,0,245,-32,3,0,0,1
700,300,275,271,381,310,-3,1,0,245,-29,3,0,0,1
700,300,280,285,378,310,-3,1,0,245,-26,3,0,0,1
700,300,285,300,375,310,-3,0,0,245,-23,3,0,0,1
700,300,290,300,372,310,-3,0,0,245,-20,3,0,0,1
700,300,295,300,369,310,-3,0,0,245,-17,3,0,0,1
700,300,300,300,366,310,-3,0,0,245,-14,3,0,0,1
700,300,305,285,363,310,-3,1,0,245,-11,3,0,0,1
700,300,310,271,360,310,-3,1,0,245,-8,3,0,0,1
700,300,315,258,357,310,-3,1,0,245,-5,3,0,0,1
700,300,320,246,354,310,-3,1,0,245,-2,3,0,0,1
700,300,325,235,351,310,-3,1,0,245,1,3,0,0,1
700,300,330,225,348,310,-3,1,0,245,4,3,0,0,1
700,300,335,216,345,310,-3,1,0,245,7,3,0,0,1
700,300,340,208,342,310,-3,1,0,245,10,3,0,0,1
700,300,345,201,339,310,-3,1,0,245,13,3,0,0,1
700,300,350,195,336,310,-3,1,0,245,16,3,0,0,1
700,300,355,190,333,310,-3,1,0,245,19,3,0,0,1
700,300,355,186,330,310,-3,1,0,245,22,3,0,1,0
700,300,355,183,327,310,-3,1,0,245,25,3,0,1,0
700,300,355,181,324,310,-3,1,0,245,28,3,0,1,0
700,300,355,180,321,310,-3,1,0,245,31,3,0,1,0
700,300,355,180,318,310,-3,1,0,245,34,3,0,1,0
700,300,355,181,315,310,-3,1,0,245,37,3,0,1,0
700,300,355,183,312,310,-3,1,0,245,40,3,0,1,0
700,300,355,186,309,310,-3,1,0,245,43,3,0,1,0
700,300,355,190,306,310,-3,1,0,245,46,3,0,1,0
700,300,360,195,303,310,-3,1,0,245,49,3,0,0,1
700,300,365,201,300,310,-3,1,0,245,52,3,0,0,1
700,300,370,208,297,310,-3,1,0,245,55,3,0,0,1
700,300,375,216,294,310,-3,1,0,245,58,3,0,0,1
700,300,375,225,291,310,-3,1,0,245,61,3,0,1,0
700,300,370,235,288,310,-3,1,0,245,64,3,1,0,0
700,300,365,246,285,310,-3,1,0,245,67,3,1,0,0
700,300,360,258,282,310,-3,1,0,245,70,3,1,0,0
700,300,355,271,279,310,-3,1,0,245,73,3,1,0,0
700,300,350,285,276,310,-3,1,0,245,76,3,1,0,0
700,300,345,300,273,310,-3,0,0,245,79,3,1,0,0
700,300,340,300,270,310,-3,0,0,245,82,3,1,0,0
700,300,335,300,267,310,-3,0,0,245,85,3,1,0,0
700,300,330,300,264,310,-3,0,0,245,88,3,1,0,0
700,300,325,300,261,310,-3,0,0,245,91,3,1,0,0
700,300,320,300,258,310,-3,0,0,245,94,3,1,0,0
700,300,315,300,255,310,-3,0,0,245,97,3,1,0,0
700,300,310,300,252,310,-3,0,0,245,100,3,1,0,0
700,300,305,300,249,310,-3,0,0,245,103,3,1,0,0
700,300,300,300,246,310,-3,0,0,245,106,3,1,0,0
700,300,295,300,243,310,-3,0,0,245,109,3,1,0,0
700,300,290,300,240,310,-3,0,0,245,112,3,1,0,0
700,300,285,300,237,310,-3,0,0,245,115,3,1,0,0
700,300,280,300,234,310,-3,0,0,245,118,3,1,0,0
700,300,275,300,231,310,-3,0,0,245,121,3,1,0,0
700,300,270,300,228,310,-3,0,0,245,124,3,1,0,0
700,300,265,300,225,310,-3,0,0,245,127,3,1,0,0
700,300,260,300,222,310,-3,0,0,245,130,3,1,0,0
700,300,255,300,219,310,-3,0,0,245,133,3,1,0,0
700,300,250,300,216,310,-3,0,0,245,136,3,1,0,0
700,300,245,300,213,310,-3,0,0,245,139,3,1,0,0
700,300,240,300,210,310,-3,0,0,245,142,3,1,0,0
700,300,235,300,207,310,-3,0,0,245,145,3,1,0,0
700,300,230,300,204,310,-3,0,0,245,148,3,1,0,0
700,300,225,300,201,310,-3,0,0,245,151,3,1,0,0
700,300,220,300,198,310,-3,0,0,245,154,3,1,0,0
700,300,215,300,195,310,-3,0,0,245,157,3,1,0,0
700,300,210,300,192,310,-3,0,0,245,160,3,1,0,0
700,300,205,300,189,310,-3,0,0,245,163,3,1,0,0
700,300,50,300,743,310,-7,0,0,234,-46,4,0,1,0
700,300,50,300,736,310,-7,0,0,234,-42,4,0,1,0
700,300,50,300,729,310,-7,0,0,234,-38,4,0,1,0
700,300,50,300,722,310,-7,0,0,234,-34,4,0,1,0
700,300,50,300,715,310,-7,0,0,234,-30,4,0,1,0
700,300,50,300,708,310,-7,0,0,234,-26,4,0,1,0
700,300,50,300,701,310,-7,0,0,234,-22,4,0,1,0
700,300,50,300,694,310,-7,0,0,234,-18,4,0,1,0
700,300,50,300,687,310,-7,0,0,234,-14,4,0,1,0
700,300,50,300,680,310,-7,0,0,234,-10,4,0,1,0
700,300,50,300,673,310,-7,0,0,234,-6,4,0,1,0
700,300,50,300,666,310,-7,0,0,234,-2,4,0,1,0
700,300,50,300,659,310,-7,0,0,234,2,4,0,1,0
700,300,50,285,652,310,-7,1,0,234,6,4,0,1,0
700,300,50,271,645,310,-7,1,0,234,10,4,0,1,0
700,300,50,258,638,310,-7,1,0,234,14,4,0,1,0
700,300,50,246,631,310,-7,1,0,234,18,4,0,1,0
700,300,50,235,624,310,-7,1,0,234,22,4,0,1,0
700,300,50,225,617,310,-7,1,0,234,26,4,0,1,0
700,300,50,216,610,310,-7,1,0,234,30,4,0,1,0
700,300,50,208,603,310,-7,1,0,234,34,4,0,1,0
700,300,50,201,596,310,-7,1,0,234,38,4,0,1,0
700,300,50,195,589,310,-7,1,0,234,42,4,0,1,0
700,300,50,190,582,310,-7,1,0,234,46,4,0,1,0
700,300,50,186,575,310,-7,1,0,234,50,4,0,1,0
700,300,50,183,568,310,-7,1,0,234,54,4,0,1,0
700,300,50,181,561,310,-7,1,0,234,58,4,0,1,0
700,300,50,180,554,310,-7,1,0,234,62,4,0,1,0
700,300,50,180,547,310,-7,1,0,234,66,4,0,1,0
700,300,50,181,540,310,-7,1,0,234,70,4,0,1,0
700,300,50,183,533,310,-7,1,0,234,74,4,0,1,0
700,300,50,186,526,310,-7,1,0,234,78,4,0,1,0
700,300,50,190,519,310,-7,1,0,234,82,4,0,1,0
700,300,50,195,512,310,-7,1,0,234,86,4,0,1,0
700,300,50,201,505,310,-7,1,0,234,90,4,0,1,0
700,300,50,208,498,310,-7,1,0,234,94,4,0,1,0
700,300,50,216,491,310,-7,1,0,234,98,4,0,1,0
700,300,50,225,484,310,-7,1,0,234,102,4,0,1,0
700,300,55,235,477,310,-7,1,0,234,106,4,0,0,1
700,300,55,246,470,310,-7,1,0,234,110,4,0,1,0
700,300,55,258,463,310,-7,1,0,234,114,4,0,1,0
700,300,55,271,456,310,-7,1,0,234,118,4,0,1,0
700,300,55,285,449,310,-7,1,0,234,122,4,0,1,0
700,300,60,300,442,310,-7,0,0,234,126,4,0,0,1
700,300,65,300,435,310,-7,0,0,234,130,4,0,0,1
700,300,70,300,428,310,-7,0,0,234,134,4,0,0,1
700,300,75,300,421,310,-7,0,0,234,138,4,0,0,1
700,300,80,300,414,310,-7,0,0,234,142,4,0,0,1
700,300,85,300,407,310,-7,0,0,234,146,4,0,0,1
700,300,90,300,400,310,-7,0,0,234,150,4,0,0,1
700,300,95,300,393,310,-7,0,0,234,154,4,0,0,1
700,300,100,300,386,310,-7,0,0,234,158,4,0,0,1
700,300,105,300,379,310,-7,0,0,234,162,4,0,0,1
700,300,110,300,372,310,-7,0,0,234,166,4,0,0,1
700,300,115,300,365,310,-7,0,0,234,170,4,0,0,1
700,300,120,300,358,310,-7,0,0,234,174,4,0,0,1
700,300,125,300,351,310,-7,0,0,234,178,4,0,0,1
700,300,130,300,344,310,-7,0,0,234,182,4,0,0,1
700,300,135,300,337,310,-7,0,0,234,186,4,0,0,1
700,300,140,300,330,310,-7,0,0,234,190,4,0,0,1
700,300,145,300,323,310,-7,0,0,234,194,4,0,0,1
700,300,150,300,316,310,-7,0,0,234,198,4,0,0,1
700,300,155,300,309,310,-7,0,0,234,202,4,0,0,1
700,300,160,300,302,310,-7,0,0,234,206,4,0,0,1
700,300,165,300,295,310,-7,0,0,234,210,4,0,0,1
700,300,170,300,288,310,-7,0,0,234,214,4,0,0,1
700,300,175,300,281,310,-7,0,0,234,218,4,0,0,1
700,300,180,300,274,310,-7,0,0,234,222,4,0,0,1
700,300,185,300,267,310,-7,0,0,234,226,4,0,0,1
700,300,190,300,260,310,-7,0,0,234,230,4,0,0,1
700,300,195,300,253,310,-7,0,0,234,234,4,0,0,1
700,300,200,300,246,310,-7,0,0,234,238,4,0,0,1
700,300,205,300,239,310,-7,0,0,234,242,4,0,0,1
700,300,50,300,743,310,-7,0,0,690,-47,3,0,1,0
700,300,50,300,736,310,-7,0,0,690,-44,3,0,1,0
700,300,50,300,729,310,-7,0,0,690,-41,3,0,1,0
700,300,50,300,722,310,-7,0,0,690,-38,3,0,1,0
700,300,50,300,715,310,-7,0,0,690,-35,3,0,1,0
700,300,50,300,708,310,-7,0,0,690,-32,3,0,1,0
700,300,50,300,701,310,-7,0,0,690,-29,3,0,1,0
700,300,50,300,694,310,-7,0,0,690,-26,3,0,1,0
700,300,50,300,687,310,-7,0,0,690,-23,3,0,1,0
700,300,50,300,680,310,-7,0,0,690,-20,3,0,1,0
700,300,50,300,673,310,-7,0,0,690,-17,3,0,1,0
700,300,50,300,666,310,-7,0,0,690,-14,3,0,1,0
700,300,50,300,659,310,-7,0,0,690,-11,3,0,1,0
700,300,50,300,652,310,-7,0,0,690,-8,3,0,1,0
700,300,50,300,645,310,-7,0,0,690,-5,3,0,1,0
700,300,50,300,638,310,-7,0,0,690,-2,3,0,1,0
700,300,50,300,631,310,-7,0,0,690,1,3,0,1,0
700,300,50,300,624,310,-7,0,0,690,4,3,0,1,0
700,300,50,300,617,310,-7,0,0,690,7,3,0,1,0
700,300,50,300,610,310,-7,0,0,690,10,3,0,1,0
700,300,50,300,603,310,-7,0,0,690,13,3,0,1,0
700,300,50,300,596,310,-7,0,0,690,16,3,0,1,0
700,300,50,300,589,310,-7,0,0,690,19,3,0,1,0
700,300,50,300,582,310,-7,0,0,690,22,3,0,1,0
700,300,50,300,575,310,-7,0,0,690,25,3,0,1,0
700,300,50,300,568,310,-7,0,0,690,28,3,0,1,0
700,300,50,300,561,310,-7,0,0,690,31,3,0,1,0
700,300,50,300,554,310,-7,0,0,690,34,3,0,1,0
700,300,50,300,547,310,-7,0,0,690,37,3,0,1,0
700,300,50,300,540,310,-7,0,0,690,40,3,0,1,0
700,300,50,300,533,310,-7,0,0,690,43,3,0,1,0
700,300,50,300,526,310,-7,0,0,690,46,3,0,1,0
700,300,50,300,519,310,-7,0,0,690,49,3,0,1,0
700,300,50,300,512,310,-7,0,0,690,52,3,0,1,0
700,300,50,300,505,310,-7,0,0,690,55,3,0,1,0
700,300,50,300,498,310,-7,0,0,690,58,3,0,1,0
700,300,50,300,491,310,-7,0,0,690,61,3,0,1,0
700,300,50,300,484,310,-7,0,0,690,64,3,0,1,0
700,300,50,300,477,310,-7,0,0,690,67,3,0,1,0
700,300,50,300,470,310,-7,0,0,690,70,3,0,1,0
700,300,50,300,463,310,-7,0,0,690,73,3,0,1,0
700,300,50,300,456,310,-7,0,0,690,76,3,0,1,0
700,300,50,300,449,310,-7,0,0,690,79,3,0,1,0
700,300,50,300,442,310,-7,0,0,690,82,3,0,1,0
700,300,50,300,435,310,-7,0,0,690,85,3,0,1,0
700,300,50,300,428,310,-7,0,0,690,88,3,0,1,0
700,300,50,300,421,310,-7,0,0,690,91,3,0,1,0
700,300,50,300,414,310,-7,0,0,690,94,3,0,1,0
700,300,50,300,407,310,-7,0,0,690,97,3,0,1,0
700,300,50,300,400,310,-7,0,0,690,100,3,0,1,0
700,300,50,300,393,310,-7,0,0,690,103,3,0,1,0
700,300,50,300,386,310,-7,0,0,690,106,3,0,1,0
700,300,50,300,379,310,-7,0,0,690,109,3,0,1,0
700,300,50,300,372,310,-7,0,0,690,112,3,0,1,0
700,300,50,300,365,310,-7,0,0,690,115,3,0,1,0
700,300,50,300,358,310,-7,0,0,690,118,3,0,1,0
700,300,50,300,351,310,-7,0,0,690,121,3,0,1,0
700,300,50,300,344,310,-7,0,0,690,124,3,0,1,0
700,300,50,300,337,310,-7,0,0,690,127,3,0,1,0
700,300,50,300,330,310,-7,0,0,690,130,3,0,1,0
700,300,50,300,323,310,-7,0,0,690,133,3,0,1,0
700,300,50,300,316,310,-7,0,0,690,136,3,0,1,0
700,300,50,300,309,310,-7,0,0,690,139,3,0,1,0
700,300,50,300,302,310,-7,0,0,690,142,3,0,1,0
700,300,50,300,295,310,-7,0,0,690,145,3,0,1,0
700,300,50,300,288,310,-7,0,0,690,148,3,0,1,0
700,300,50,300,281,310,-7,0,0,690,151,3,0,1,0
700,300,50,300,274,310,-7,0,0,690,154,3,0,1,0
700,300,50,300,267,310,-7,0,0,690,157,3,0,1,0
700,300,50,300,260,310,-7,0,0,690,160,3,0,1,0
700,300,50,300,253,310,-7,0,0,690,163,3,0,1,0
700,300,50,300,246,310,-7,0,0,690,166,3,0,1,0
700,300,50,300,239,310,-7,0,0,690,169,3,0,1,0
700,300,50,300,232,310,-7,0,0,690,172,3,0,1,0
700,300,50,300,225,310,-7,0,0,690,175,3,0,1,0
700,300,50,300,218,310,-7,0,0,690,178,3,0,1,0
700,300,50,300,211,310,-7,0,0,690,181,3,0,1,0
700,300,50,300,204,310,-7,0,0,690,184,3,0,1,0
700,300,50,300,197,310,-7,0,0,690,187,3,0,1,0
700,300,50,300,190,310,-7,0,0,690,190,3,0,1,0
700,300,50,300,183,310,-7,0,0,690,193,3,0,1,0
700,300,50,300,176,310,-7,0,0,690,196,3,0,1,0
700,300,50,300,169,310,-7,0,0,690,199,3,0,1,0
700,300,50,300,162,310,-7,0,0,690,202,3,0,1,0
700,300,50,285,155,310,-7,1,0,690,205,3,0,1,0
700,300,50,271,148,310,-7,1,0,690,208,3,0,1,0
700,300,50,258,141,310,-7,1,0,690,211,3,0,1,0
700,300,50,246,134,310,-7,1,0,690,214,3,0,1,0
700,300,50,235,127,310,-7,1,0,690,217,3,0,1,0
700,300,50,225,120,310,-7,1,0,690,220,3,0,1,0
700,300,50,216,113,310,-7,1,0,690,223,3,0,1,0
700,300,50,208,106,310,-7,1,0,690,226,3,0,1,0
700,300,50,201,99,310,-7,1,0,690,229,3,0,1,0
700,300,50,195,92,310,-7,1,0,690,232,3,0,1,0
700,300,50,190,85,310,-7,1,0,690,235,3,0,1,0
700,300,50,186,78,310,-7,1,0,690,238,3,0,1,0
700,300,50,183,71,310,-7,1,0,690,241,3,0,1,0
700,300,50,181,64,310,-7,1,0,690,244,3,0,1,0
700,300,50,180,57,310,-7,1,0,690,247,3,0,1,0
700,300,50,180,50,310,-7,1,0,690,250,3,0,1,0
700,300,50,181,43,310,-7,1,0,690,253,3,0,1,0
700,300,50,183,36,310,-7,1,0,690,256,3,0,1,0
700,300,50,186,29,310,-7,1,0,690,259,3,0,1,0
700,300,50,190,22,310,-7,1,0,690,262,3,0,1,0
700,300,50,195,15,310,-7,1,0,690,265,3,0,1,0
700,300,50,201,8,310,-7,1,0,690,268,3,0,1,0
700,300,50,208,1,310,-7,1,0,690,271,3,0,1,0
700,300,50,216,750,310,-7,1,0,690,274,3,0,1,0
700,300,50,225,742,310,-8,1,0,690,277,3,0,1,0
700,300,50,235,734,310,-8,1,0,690,280,3,0,1,0
700,300,50,246,726,310,-8,1,0,690,283,3,0,1,0
700,300,50,258,718,310,-8,1,0,690,286,3,0,1,0
700,300,50,271,710,310,-8,1,0,690,289,3,0,1,0
700,300,50,285,702,310,-8,1,0,690,292,3,0,1,0
700,300,50,300,694,310,-8,0,0,690,295,3,0,1,0
700,300,50,300,686,310,-8,0,0,690,298,3,0,1,0
700,300,50,300,678,310,-8,0,0,690,301,3,0,1,0
700,300,50,300,670,310,-8,0,0,690,304,3,0,1,0
700,300,50,300,662,310,-8,0,0,690,307,3,0,1,0
700,300,50,300,654,310,-8,0,0,690,310,3,0,1,0
700,300,50,300,646,310,-8,0,0,690,313,3,0,1,0
700,300,50,300,638,310,-8,0,0,690,316,3,0,1,0
700,300,50,300,630,310,-8,0,0,690,319,3,0,1,0
700,300,50,300,622,310,-8,0,0,690,322,3,0,1,0
700,300,50,300,614,310,-8,0,0,690,325,3,0,1,0
700,300,50,300,606,310,-8,0,0,690,328,3,0,1,0
700,300,50,300,598,310,-8,0,0,690,331,3,0,1,0
700,300,50,300,590,310,-8,0,0,690,334,3,0,1,0
700,300,50,300,582,310,-8,0,0,690,337,3,0,1,0
700,300,50,300,574,310,-8,0,0,690,340,3,0,1,0
700,300,50,300,566,310,-8,0,0,690,343,3,0,1,0
700,300,50,300,558,310,-8,0,0,690,346,3,0,1,0
700,300,50,300,550,310,-8,0,0,690,349,3,0,1,0
700,300,50,300,542,310,-8,0,0,690,352,3,0,1,0
700,300,50,300,534,310,-8,0,0,690,355,3,0,1,0
700,300,50,300,526,310,-8,0,0,690,358,3,0,1,0
700,300,50,300,518,310,-8,0,0,690,361,3,0,1,0
700,300,50,300,510,310,-8,0,0,690,364,3,0,1,0
700,300,50,300,502,310,-8,0,0,690,367,3,0,1,0
700,300,50,300,494,310,-8,0,0,690,370,3,0,1,0
700,300,50,300,486,310,-8,0,0,690,373,3,0,1,0
700,300,50,300,478,310,-8,0,0,690,376,3,0,1,0
700,300,50,300,470,310,-8,0,0,690,379,3,0,1,0
700,300,50,300,462,310,-8,0,0,690,382,3,0,1,0
700,300,50,300,454,310,-8,0,0,690,385,3,0,1,0
700,300,50,300,446,310,-8,0,0,690,388,3,0,1,0
700,300,50,300,438,310,-8,0,0,690,391,3,0,1,0
700,300,50,300,430,310,-8,0,0,690,394,3,0,1,0
700,300,50,300,422,310,-8,0,0,690,397,3,0,1,0
700,300,50,300,414,310,-8,0,0,690,400,3,0,1,0
700,300,50,300,406,310,-8,0,0,50,-50,7,0,1,0
700,300,50,300,398,310,-8,0,0,50,-43,7,0,1,0
700,300,50,300,390,310,-8,0,0,50,-36,7,0,1,0
700,300,50,300,382,310,-8,0,0,50,-29,7,0,1,0
700,300,50,300,374,310,-8,0,0,50,-22,7,0,1,0
700,300,50,285,366,310,-8,1,0,50,-15,7,0,1,0
700,300,50,271,358,310,-8,1,0,50,-8,7,0,1,0
700,300,50,258,350,310,-8,1,0,50,-1,7,0,1,0
700,300,50,246,342,310,-8,1,0,50,6,7,0,1,0
700,300,50,235,334,310,-8,1,0,50,13,7,0,1,0
700,300,50,225,326,310,-8,1,0,50,20,7,0,1,0
700,300,50,216,318,310,-8,1,0,50,27,7,0,1,0
700,300,50,208,310,310,-8,1,0,50,34,7,0,1,0
700,300,50,201,302,310,-8,1,0,50,41,7,0,1,0
700,300,50,195,294,310,-8,1,0,50,48,7,0,1,0
700,300,50,190,286,310,-8,1,0,50,55,7,0,1,0
700,300,50,186,278,310,-8,1,0,50,62,7,0,1,0
700,300,50,183,270,310,-8,1,0,50,69,7,0,1,0
700,300,50,181,262,310,-8,1,0,50,76,7,0,1,0
700,300,50,180,254,310,-8,1,0,50,83,7,0,1,0
700,300,50,180,246,310,-8,1,0,50,90,7,0,1,0
700,300,50,181,238,310,-8,1,0,50,97,7,0,1,0
700,300,50,183,230,310,-8,1,0,50,104,7,0,1,0
700,300,50,186,222,310,-8,1,0,50,111,7,0,1,0
700,300,50,190,214,310,-8,1,0,50,118,7,0,1,0
700,300,50,195,206,310,-8,1,0,50,125,7,0,1,0
700,300,50,201,198,310,-8,1,0,50,132,7,0,1,0
700,300,50,208,190,310,-8,1,0,50,139,7,0,1,0
700,300,50,216,182,310,-8,1,0,50,146,7,0,1,0
700,300,50,225,174,310,-8,1,0,50,153,7,0,1,0
700,300,50,235,166,310,-8,1,0,50,160,7,0,1,0
700,300,50,246,158,310,-8,1,0,50,167,7,0,1,0
700,300,50,258,150,310,-8,1,0,50,174,7,0,1,0
700,300,50,271,142,310,-8,1,0,50,181,7,0,1,0
700,300,50,285,134,310,-8,1,0,50,188,7,0,1,0
700,300,50,300,126,310,-8,0,0,50,195,7,0,1,0
700,300,50,300,118,310,-8,0,0,50,202,7,0,1,0
700,300,50,300,110,310,-8,0,0,50,209,7,0,1,0
700,300,50,300,102,310,-8,0,0,50,216,7,0,1,0
700,300,50,300,94,310,-8,0,0,50,223,7,0,1,0
700,300,50,300,86,310,-8,0,0,50,230,7,0,1,0
700,300,50,300,750,310,-8,0,1,218,-50,6,0,1,0
700,300,50,300,745,310,-5,0,0,218,-47,3,0,1,0
700,300,50,300,740,310,-5,0,0,218,-44,3,0,1,0
700,300,50,300,735,310,-5,0,0,218,-41,3,0,1,0
700,300,50,300,730,310,-5,0,0,218,-38,3,0,1,0
700,300,50,300,725,310,-5,0,0,218,-35,3,0,1,0
700,300,50,300,720,310,-5,0,0,218,-32,3,0,1,0
700,300,50,300,715,310,-5,0,0,218,-29,3,0,1,0
700,300,50,300,710,310,-5,0,0,218,-26,3,0,1,0
700,300,50,300,705,310,-5,0,0,218,-23,3,0,1,0
700,300,50,300,700,310,-5,0,0,218,-20,3,0,1,0
700,300,50,300,695,310,-5,0,0,218,-17,3,0,1,0
700,300,50,300,690,310,-5,0,0,218,-14,3,0,1,0
700,300,50,300,685,310,-5,0,0,218,-11,3,0,1,0
700,300,50,300,680,310,-5,0,0,218,-8,3,0,1,0
700,300,50,300,675,310,-5,0,0,218,-5,3,0,1,0
700,300,50,300,670,310,-5,0,0,218,-2,3,0,1,0
700,300,50,300,665,310,-5,0,0,218,1,3,0,1,0
700,300,50,300,660,310,-5,0,0,218,4,3,0,1,0
700,300,50,300,655,310,-5,0,0,218,7,3,0,1,0
700,300,50,300,650,310,-5,0,0,218,10,3,0,1,0
700,300,50,300,645,310,-5,0,0,218,13,3,0,1,0
700,300,50,300,640,310,-5,0,0,218,16,3,0,1,0
700,300,50,300,635,310,-5,0,0,218,19,3,0,1,0
700,300,50,300,630,310,-5,0,0,218,22,3,0,1,0
700,300,50,300,625,310,-5,0,0,218,25,3,0,1,0
700,300,50,300,620,310,-5,0,0,218,28,3,0,1,0
700,300,50,300,615,310,-5,0,0,218,31,3,0,1,0
700,300,50,300,610,310,-5,0,0,218,34,3,0,1,0
700,300,50,300,605,310,-5,0,0,218,37,3,0,1,0
700,300,50,300,600,310,-5,0,0,218,40,3,0,1,0
700,300,50,300,595,310,-5,0,0,218,43,3,0,1,0
700,300,50,300,590,310,-5,0,0,218,46,3,0,1,0
700,300,50,300,585,310,-5,0,0,218,49,3,0,1,0
700,300,50,300,580,310,-5,0,0,218,52,3,0,1,0
700,300,50,300,575,310,-5,0,0,218,55,3,0,1,0
700,300,50,300,570,310,-5,0,0,218,58,3,0,1,0
700,300,50,300,565,310,-5,0,0,218,61,3,0,1,0
700,300,55,300,560,310,-5,0,0,218,64,3,0,0,1
700,300,60,300,555,310,-5,0,0,218,67,3,0,0,1
700,300,65,300,550,310,-5,0,0,218,70,3,0,0,1
700,300,70,300,545,310,-5,0,0,218,73,3,0,0,1
700,300,70,300,540,310,-5,0,0,218,76,3,0,1,0
700,300,75,300,535,310,-5,0,0,218,79,3,0,0,1
700,300,80,300,530,310,-5,0,0,218,82,3,0,0,1
700,300,85,300,525,310,-5,0,0,218,85,3,0,0,1
700,300,90,300,520,310,-5,0,0,218,88,3,0,0,1
700,300,95,300,515,310,-5,0,0,218,91,3,0,0,1
700,300,100,300,510,310,-5,0,0,218,94,3,0,0,1
700,300,105,300,505,310,-5,0,0,218,97,3,0,0,1
700,300,110,300,500,310,-5,0,0,218,100,3,0,0,1
700,300,115,300,495,310,-5,0,0,218,103,3,0,0,1
700,300,120,300,490,310,-5,0,0,218,106,3,0,0,1
700,300,125,300,485,310,-5,0,0,218,109,3,0,0,1
700,300,130,300,480,310,-5,0,0,218,112,3,0,0,1
700,300,135,300,475,310,-5,0,0,218,115,3,0,0,1
700,300,140,300,470,310,-5,0,0,218,118,3,0,0,1
700,300,145,300,465,310,-5,0,0,218,121,3,0,0,1
700,300,150,300,460,310,-5,0,0,218,124,3,0,0,1
700,300,155,300,455,310,-5,0,0,218,127,3,0,0,1
700,300,160,300,450,310,-5,0,0,218,130,3,0,0,1
700,300,165,300,445,310,-5,0,0,218,133,3,0,0,1
700,300,165,300,440,310,-5,0,0,218,136,3,0,1,0
700,300,165,300,435,310,-5,0,0,218,139,3,0,1,0
700,300,165,300,430,310,-5,0,0,218,142,3,0,1,0
700,300,165,300,425,310,-5,0,0,218,145,3,0,1,0
700,300,165,300,420,310,-5,0,0,218,148,3,0,1,0
700,300,165,300,415,310,-5,0,0,218,151,3,0,1,0
700,300,165,300,410,310,-5,0,0,218,154,3,0,1,0
700,300,165,300,405,310,-5,0,0,218,157,3,0,1,0
700,300,165,300,400,310,-5,0,0,218,160,3,0,1,0
700,300,165,300,395,310,-5,0,0,218,163,3,0,1,0
700,300,165,300,390,310,-5,0,0,218,166,3,0,1,0
700,300,165,300,385,310,-5,0,0,218,169,3,0,1,0
700,300,165,300,380,310,-5,0,0,218,172,3,0,1,0
700,300,165,300,375,310,-5,0,0,218,175,3,0,1,0
700,300,165,300,370,310,-5,0,0,218,178,3,0,1,0
700,300,170,300,365,310,-5,0,0,218,181,3,0,0,1
700,300,175,300,360,310,-5,0,0,218,184,3,0,0,1
700,300,180,300,355,310,-5,0,0,218,187,3,0,0,1
700,300,185,300,350,310,-5,0,0,218,190,3,0,0,1
700,300,190,300,345,310,-5,0,0,218,193,3,0,0,1
700,300,195,300,340,310,-5,0,0,218,196,3,0,0,1
700,300,200,300,335,310,-5,0,0,218,199,3,0,0,1
700,300,205,300,330,310,-5,0,0,218,202,3,0,0,1
700,300,210,300,325,310,-5,0,0,218,205,3,0,0,1
700,300,210,300,320,310,-5,0,0,218,208,3,0,1,0
700,300,210,300,315,310,-5,0,0,218,211,3,0,1,0
700,300,210,285,310,310,-5,1,0,218,214,3,0,1,0
700,300,210,271,305,310,-5,1,0,218,217,3,0,1,0
700,300,210,258,300,310,-5,1,0,218,220,3,0,1,0
700,300,210,246,295,310,-5,1,0,218,223,3,0,1,0
700,300,50,300,750,310,-5,0,1,350,-50,5,0,1,0
700,300,50,300,747,310,-3,0,0,350,-43,7,0,1,0
700,300,50,300,744,310,-3,0,0,350,-36,7,0,1,0
700,300,50,300,741,310,-3,0,0,350,-29,7,0,1,0
700,300,50,300,738,310,-3,0,0,350,-22,7,0,1,0
700,300,50,300,735,310,-3,0,0,350,-15,7,0,1,0
700,300,50,300,732,310,-3,0,0,350,-8,7,0,1,0
700,300,50,300,729,310,-3,0,0,350,-1,7,0,1,0
700,300,50,300,726,310,-3,0,0,350,6,7,0,1,0
700,300,50,300,723,310,-3,0,0,350,13,7,0,1,0
700,300,50,300,720,310,-3,0,0,350,20,7,0,1,0
700,300,50,300,717,310,-3,0,0,350,27,7,0,1,0
700,300,50,300,714,310,-3,0,0,350,34,7,0,1,0
700,300,50,300,711,310,-3,0,0,350,41,7,0,1,0
700,300,50,300,708,310,-3,0,0,350,48,7,0,1,0
700,300,50,300,705,310,-3,0,0,350,55,7,0,1,0
700,300,50,300,702,310,-3,0,0,350,62,7,0,1,0
700,300,50,300,699,310,-3,0,0,350,69,7,0,1,0
700,300,50,300,696,310,-3,0,0,350,76,7,0,1,0
700,300,50,300,693,310,-3,0,0,350,83,7,0,1,0
700,300,50,300,690,310,-3,0,0,350,90,7,0,1,0
700,300,50,300,687,310,-3,0,0,350,97,7,0,1,0
700,300,50,300,684,310,-3,0,0,350,104,7,0,1,0
700,300,50,300,681,310,-3,0,0,350,111,7,0,1,0
700,300,50,300,678,310,-3,0,0,350,118,7,0,1,0
700,300,50,300,675,310,-3,0,0,350,125,7,0,1,0
700,300,50,300,672,310,-3,0,0,350,132,7,0,1,0
700,300,50,300,669,310,-3,0,0,350,139,7,0,1,0
700,300,50,300,666,310,-3,0,0,350,146,7,0,1,0
700,300,50,300,663,310,-3,0,0,350,153,7,0,1,0
700,300,50,300,660,310,-3,0,0,350,160,7,0,1,0
700,300,55,300,657,310,-3,0,0,350,167,7,0,0,1
700,300,60,300,654,310,-3,0,0,350,174,7,0,0,1
700,300,65,300,651,310,-3,0,0,350,181,7,0,0,1
700,300,70,300,648,310,-3,0,0,350,188,7,0,0,1
700,300,75,300,645,310,-3,0,0,350,195,7,0,0,1
700,300,80,300,642,310,-3,0,0,350,202,7,0,0,1
700,300,85,300,639,310,-3,0,0,350,209,7,0,0,1
700,300,90,300,636,310,-3,0,0,350,216,7,0,0,1
700,300,95,300,633,310,-3,0,0,350,223,7,0,0,1
700,300,100,300,630,310,-3,0,0,350,230,7,0,0,1
700,300,105,300,627,310,-3,0,0,350,237,7,0,0,1
700,300,110,300,624,310,-3,0,0,350,244,7,0,0,1
700,300,110,300,621,310,-3,0,0,350,251,7,0,1,0
700,300,110,300,618,310,-3,0,0,350,258,7,0,1,0
700,300,110,300,615,310,-3,0,0,350,265,7,0,1,0
700,300,110,300,612,310,-3,0,0,350,272,7,0,1,0
700,300,110,300,609,310,-3,0,0,350,279,7,0,1,0
700,300,110,300,606,310,-3,0,0,350,286,7,0,1,0
700,300,110,300,603,310,-3,0,0,350,293,7,0,1,0
700,300,110,300,600,310,-3,0,0,350,300,7,0,1,0
700,300,110,300,597,310,-3,0,0,350,307,7,0,1,0
700,300,110,300,594,310,-3,0,0,350,314,7,0,1,0
700,300,110,300,591,310,-3,0,0,350,321,7,0,1,0
700,300,110,300,588,310,-3,0,0,350,328,7,0,1,0
700,300,110,300,585,310,-3,0,0,350,335,7,0,1,0
700,300,110,300,582,310,-3,0,0,350,342,7,0,1,0
700,300,110,300,579,310,-3,0,0,350,349,7,0,1,0
700,300,110,300,576,310,-3,0,0,350,356,7,0,1,0
700,300,110,300,573,310,-3,0,0,350,363,7,0,1,0
700,300,110,300,570,310,-3,0,0,350,370,7,0,1,0
700,300,110,300,567,310,-3,0,0,350,377,7,0,1,0
700,300,110,300,564,310,-3,0,0,350,384,7,0,1,0
700,300,110,300,561,310,-3,0,0,350,391,7,0,1,0
700,300,110,300,558,310,-3,0,0,350,398,7,0,1,0
700,300,110,300,555,310,-3,0,0,110,-50,7,0,1,0
700,300,110,300,552,310,-3,0,0,110,-43,7,0,1,0
700,300,110,300,549,310,-3,0,0,110,-36,7,0,1,0
700,300,110,300,546,310,-3,0,0,110,-29,7,0,1,0
700,300,110,300,543,310,-3,0,0,110,-22,7,0,1,0
700,300,110,300,540,310,-3,0,0,110,-15,7,0,1,0
700,300,110,300,537,310,-3,0,0,110,-8,7,0,1,0
700,300,110,300,534,310,-3,0,0,110,-1,7,0,1,0
700,300,110,300,531,310,-3,0,0,110,6,7,0,1,0
700,300,110,300,528,310,-3,0,0,110,13,7,0,1,0
700,300,110,300,525,310,-3,0,0,110,20,7,0,1,0
700,300,110,300,522,310,-3,0,0,110,27,7,0,1,0
700,300,110,300,519,310,-3,0,0,110,34,7,0,1,0
700,300,110,300,516,310,-3,0,0,110,41,7,0,1,0
700,300,110,300,513,310,-3,0,0,110,48,7,0,1,0
700,300,110,300,510,310,-3,0,0,110,55,7,0,1,0
700,300,110,300,507,310,-3,0,0,110,62,7,0,1,0
700,300,110,300,504,310,-3,0,0,110,69,7,0,1,0
700,300,110,300,501,310,-3,0,0,110,76,7,0,1,0
700,300,110,300,498,310,-3,0,0,110,83,7,0,1,0
700,300,110,300,495,310,-3,0,0,110,90,7,0,1,0
700,300,110,300,492,310,-3,0,0,110,97,7,0,1,0
700,300,110,300,489,310,-3,0,0,110,104,7,0,1,0
700,300,110,300,486,310,-3,0,0,110,111,7,0,1,0
700,300,110,300,483,310,-3,0,0,110,118,7,0,1,0
700,300,110,300,480,310,-3,0,0,110,125,7,0,1,0
700,300,110,300,477,310,-3,0,0,110,132,7,0,1,0
700,300,110,300,474,310,-3,0,0,110,139,7,0,1,0
700,300,110,300,471,310,-3,0,0,110,146,7,0,1,0
700,300,110,300,468,310,-3,0,0,110,153,7,0,1,0
700,300,110,300,465,310,-3,0,0,110,160,7,0,1,0
700,300,110,300,462,310,-3,0,0,110,167,7,0,1,0
700,300,110,300,459,310,-3,0,0,110,174,7,0,1,0
700,300,110,300,456,310,-3,0,0,110,181,7,0,1,0
700,300,110,300,453,310,-3,0,0,110,188,7,0,1,0
700,300,110,300,450,310,-3,0,0,110,195,7,0,1,0
700,300,110,300,447,310,-3,0,0,110,202,7,0,1,0
700,300,110,300,444,310,-3,0,0,110,209,7,0,1,0
700,300,110,300,441,310,-3,0,0,110,216,7,0,1,0
700,300,110,300,438,310,-3,0,0,110,223,7,0,1,0
700,300,110,300,435,310,-3,0,0,110,230,7,0,1,0
700,300,110,300,432,310,-3,0,0,110,237,7,0,1,0
700,300,110,300,429,310,-3,0,0,110,244,7,0,1,0
700,300,110,300,426,310,-3,0,0,110,251,7,0,1,0
700,300,110,300,423,310,-3,0,0,110,258,7,0,1,0
700,300,110,300,420,310,-3,0,0,110,265,7,0,1,0
700,300,110,300,417,310,-3,0,0,110,272,7,0,1,0
700,300,110,300,414,310,-3,0,0,110,279,7,0,1,0
700,300,50,300,747,310,-3,0,0,693,-47,3,0,1,0
700,300,50,300,744,310,-3,0,0,693,-44,3,0,1,0
700,300,50,300,741,310,-3,0,0,693,-41,3,0,1,0
700,300,50,300,738,310,-3,0,0,693,-38,3,0,1,0
700,300,50,300,735,310,-3,0,0,693,-35,3,0,1,0
700,300,50,300,732,310,-3,0,0,693,-32,3,0,1,0
700,300,50,300,729,310,-3,0,0,693,-29,3,0,1,0
700,300,50,300,726,310,-3,0,0,693,-26,3,0,1,0
700,300,50,300,723,310,-3,0,0,693,-23,3,0,1,0
700,300,50,300,720,310,-3,0,0,693,-20,3,0,1,0
700,300,50,300,717,310,-3,0,0,693,-17,3,0,1,0
700,300,50,300,714,310,-3,0,0,693,-14,3,0,1,0
700,300,50,300,711,310,-3,0,0,693,-11,3,0,1,0
700,300,50,300,708,310,-3,0,0,693,-8,3,0,1,0
700,300,50,300,705,310,-3,0,0,693,-5,3,0,1,0
700,300,50,300,702,310,-3,0,0,693,-2,3,0,1,0
700,300,50,300,699,310,-3,0,0,693,1,3,0,1,0
700,300,50,300,696,310,-3,0,0,693,4,3,0,1,0
700,300,50,300,693,310,-3,0,0,693,7,3,0,1,0
700,300,50,300,690,310,-3,0,0,693,10,3,0,1,0
700,300,50,300,687,310,-3,0,0,693,13,3,0,1,0
700,300,50,300,684,310,-3,0,0,693,16,3,0,1,0
700,300,50,300,681,310,-3,0,0,693,19,3,0,1,0
700,300,50,300,678,310,-3,0,0,693,22,3,0,1,0
700,300,50,300,675,310,-3,0,0,693,25,3,0,1,0
700,300,50,285,672,310,-3,1,0,693,28,3,0,1,0
700,300,50,271,669,310,-3,1,0,693,31,3,0,1,0
700,300,50,258,666,310,-3,1,0,693,34,3,0,1,0
700,300,50,246,663,310,-3,1,0,693,37,3,0,1,0
700,300,50,235,660,310,-3,1,0,693,40,3,0,1,0
700,300,50,225,657,310,-3,1,0,693,43,3,0,1,0
700,300,50,216,654,310,-3,1,0,693,46,3,0,1,0
700,300,50,208,651,310,-3,1,0,693,49,3,0,1,0
700,300,50,201,648,310,-3,1,0,693,52,3,0,1,0
700,300,50,195,645,310,-3,1,0,693,55,3,0,1,0
700,300,50,190,642,310,-3,1,0,693,58,3,0,1,0
700,300,50,186,639,310,-3,1,0,693,61,3,0,1,0
700,300,50,183,636,310,-3,1,0,693,64,3,0,1,0
700,300,50,181,633,310,-3,1,0,693,67,3,0,1,0
700,300,50,180,630,310,-3,1,0,693,70,3,0,1,0
700,300,50,180,627,310,-3,1,0,693,73,3,0,1,0
700,300,50,181,624,310,-3,1,0,693,76,3,0,1,0
700,300,50,183,621,310,-3,1,0,693,79,3,0,1,0
700,300,50,186,618,310,-3,1,0,693,82,3,0,1,0
700,300,50,190,615,310,-3,1,0,693,85,3,0,1,0
700,300,50,195,612,310,-3,1,0,693,88,3,0,1,0
700,300,50,201,609,310,-3,1,0,693,91,3,0,1,0
700,300,50,208,606,310,-3,1,0,693,94,3,0,1,0
700,300,50,216,603,310,-3,1,0,693,97,3,0,1,0
700,300,50,225,600,310,-3,1,0,693,100,3,0,1,0
700,300,50,235,597,310,-3,1,0,693,103,3,0,1,0
700,300,50,246,594,310,-3,1,0,693,106,3,0,1,0
700,300,50,258,591,310,-3,1,0,693,109,3,0,1,0
700,300,50,271,588,310,-3,1,0,693,112,3,0,1,0
700,300,50,285,585,310,-3,1,0,693,115,3,0,1,0
700,300,50,300,582,310,-3,0,0,693,118,3,0,1,0
700,300,50,300,579,310,-3,0,0,693,121,3,0,1,0
700,300,50,300,576,310,-3,0,0,693,124,3,0,1,0
700,300,50,300,573,310,-3,0,0,693,127,3,0,1,0
700,300,50,300,570,310,-3,0,0,693,130,3,0,1,0
700,300,50,300,567,310,-3,0,0,693,133,3,0,1,0
700,300,50,300,564,310,-3,0,0,693,136,3,0,1,0
700,300,50,300,561,310,-3,0,0,693,139,3,0,1,0
700,300,50,285,558,310,-3,1,0,693,142,3,0,1,0
700,300,50,271,555,310,-3,1,0,693,145,3,0,1,0
700,300,50,258,552,310,-3,1,0,693,148,3,0,1,0
700,300,50,246,549,310,-3,1,0,693,151,3,0,1,0
700,300,50,235,546,310,-3,1,0,693,154,3,0,1,0
700,300,50,225,543,310,-3,1,0,693,157,3,0,1,0
700,300,50,216,540,310,-3,1,0,693,160,3,0,1,0
700,300,50,208,537,310,-3,1,0,693,163,3,0,1,0
700,300,50,201,534,310,-3,1,0,693,166,3,0,1,0
700,300,50,195,531,310,-3,1,0,693,169,3,0,1,0
700,300,50,190,528,310,-3,1,0,693,172,3,0,1,0
700,300,50,186,525,310,-3,1,0,693,175,3,0,1,0
700,300,50,183,522,310,-3,1,0,693,178,3,0,1,0
700,300,50,181,519,310,-3,1,0,693,181,3,0,1,0
700,300,50,180,516,310,-3,1,0,693,184,3,0,1,0
700,300,50,180,513,310,-3,1,0,693,187,3,0,1,0
700,300,50,181,510,310,-3,1,0,693,190,3,0,1,0
700,300,50,183,507,310,-3,1,0,693,193,3,0,1,0
700,300,50,186,504,310,-3,1,0,693,196,3,0,1,0
700,300,50,190,501,310,-3,1,0,693,199,3,0,1,0
700,300,50,195,498,310,-3,1,0,693,202,3,0,1,0
700,300,50,201,495,310,-3,1,0,693,205,3,0,1,0
700,300,50,208,492,310,-3,1,0,693,208,3,0,1,0
700,300,50,216,489,310,-3,1,0,693,211,3,0,1,0
700,300,50,225,486,310,-3,1,0,693,214,3,0,1,0
700,300,50,235,483,310,-3,1,0,693,217,3,0,1,0
700,300,50,246,480,310,-3,1,0,693,220,3,0,1,0
700,300,50,258,477,310,-3,1,0,693,223,3,0,1,0
700,300,50,271,474,310,-3,1,0,693,226,3,0,1,0
700,300,50,285,471,310,-3,1,0,693,229,3,0,1,0
700,300,50,300,468,310,-3,0,0,693,232,3,0,1,0
700,300,50,300,465,310,-3,0,0,693,235,3,0,1,0
700,300,50,300,462,310,-3,0,0,693,238,3,0,1,0
700,300,50,300,459,310,-3,0,0,693,241,3,0,1,0
700,300,50,300,456,310,-3,0,0,693,244,3,0,1,0
700,300,50,300,453,310,-3,0,0,693,247,3,0,1,0
700,300,50,300,450,310,-3,0,0,693,250,3,0,1,0
700,300,50,300,447,310,-3,0,0,693,253,3,0,1,0
700,300,50,285,444,310,-3,1,0,693,256,3,0,1,0
700,300,50,271,441,310,-3,1,0,693,259,3,0,1,0
700,300,50,258,438,310,-3,1,0,693,262,3,0,1,0
700,300,50,246,435,310,-3,1,0,693,265,3,0,1,0
700,300,50,235,432,310,-3,1,0,693,268,3,0,1,0
700,300,50,225,429,310,-3,1,0,693,271,3,0,1,0
700,300,50,216,426,310,-3,1,0,693,274,3,0,1,0
700,300,50,208,423,310,-3,1,0,693,277,3,0,1,0
700,300,50,201,420,310,-3,1,0,693,280,3,0,1,0
700,300,50,195,417,310,-3,1,0,693,283,3,0,1,0
700,300,50,190,414,310,-3,1,0,693,286,3,0,1,0
700,300,50,186,411,310,-3,1,0,693,289,3,0,1,0
700,300,50,183,408,310,-3,1,0,693,292,3,0,1,0
700,300,50,181,405,310,-3,1,0,693,295,3,0,1,0
700,300,50,180,402,310,-3,1,0,693,298,3,0,1,0
700,300,50,180,399,310,-3,1,0,693,301,3,0,1,0
700,300,50,181,396,310,-3,1,0,693,304,3,0,1,0
700,300,50,183,393,310,-3,1,0,693,307,3,0,1,0
700,300,50,186,390,310,-3,1,0,693,310,3,0,1,0
700,300,50,190,387,310,-3,1,0,693,313,3,0,1,0
700,300,50,195,384,310,-3,1,0,693,316,3,0,1,0
700,300,50,201,381,310,-3,1,0,693,319,3,0,1,0
700,300,50,208,378,310,-3,1,0,693,322,3,0,1,0
700,300,50,216,375,310,-3,1,0,693,325,3,0,1,0
700,300,50,225,372,310,-3,1,0,693,328,3,0,1,0
700,300,50,235,369,310,-3,1,0,693,331,3,0,1,0
700,300,50,246,366,310,-3,1,0,693,334,3,0,1,0
700,300,50,258,363,310,-3,1,0,693,337,3,0,1,0
700,300,50,271,360,310,-3,1,0,693,340,3,0,1,0
700,300,50,285,357,310,-3,1,0,693,343,3,0,1,0
700,300,50,300,354,310,-3,0,0,693,346,3,0,1,0
700,300,50,300,351,310,-3,0,0,693,349,3,0,1,0
700,300,50,300,348,310,-3,0,0,693,352,3,0,1,0
700,300,50,300,345,310,-3,0,0,693,355,3,0,1,0
700,300,50,285,342,310,-3,1,0,693,358,3,0,1,0
700,300,50,271,339,310,-3,1,0,693,361,3,0,1,0
700,300,50,258,336,310,-3,1,0,693,364,3,0,1,0
700,300,50,246,333,310,-3,1,0,693,367,3,0,1,0
700,300,50,235,330,310,-3,1,0,693,370,3,0,1,0
700,300,50,225,327,310,-3,1,0,693,373,3,0,1,0
700,300,50,216,324,310,-3,1,0,693,376,3,0,1,0
700,300,50,208,321,310,-3,1,0,693,379,3,0,1,0
700,300,50,201,318,310,-3,1,0,693,382,3,0,1,0
700,300,50,195,315,310,-3,1,0,693,385,3,0,1,0
700,300,50,190,312,310,-3,1,0,693,388,3,0,1,0
700,300,50,186,309,310,-3,1,0,693,391,3,0,1,0
700,300,50,183,306,310,-3,1,0,693,394,3,0,1,0
700,300,50,181,303,310,-3,1,0,693,397,3,0,1,0
700,300,50,180,300,310,-3,1,0,693,400,3,0,1,0
700,300,50,180,297,310,-3,1,0,50,-50,3,0,1,0
700,300,50,181,294,310,-3,1,0,50,-47,3,0,1,0
700,300,50,183,291,310,-3,1,0,50,-44,3,0,1,0
700,300,50,186,288,310,-3,1,0,50,-41,3,0,1,0
700,300,50,190,285,310,-3,1,0,50,-38,3,0,1,0
700,300,50,195,282,310,-3,1,0,50,-35,3,0,1,0
700,300,50,201,279,310,-3,1,0,50,-32,3,0,1,0
700,300,50,208,276,310,-3,1,0,50,-29,3,0,1,0
700,300,50,216,273,310,-3,1,0,50,-26,3,0,1,0
700,300,50,225,270,310,-3,1,0,50,-23,3,0,1,0
700,300,50,235,267,310,-3,1,0,50,-20,3,0,1,0
700,300,50,246,264,310,-3,1,0,50,-17,3,0,1,0
700,300,50,258,261,310,-3,1,0,50,-14,3,0,1,0
700,300,50,271,258,310,-3,1,0,50,-11,3,0,1,0
700,300,50,285,255,310,-3,1,0,50,-8,3,0,1,0
700,300,50,300,252,310,-3,0,0,50,-5,3,0,1,0
700,300,50,300,249,310,-3,0,0,50,-2,3,0,1,0
700,300,50,300,246,310,-3,0,0,50,1,3,0,1,0
700,300,50,300,243,310,-3,0,0,50,4,3,0,1,0
700,300,50,300,240,310,-3,0,0,50,7,3,0,1,0
700,300,50,300,237,310,-3,0,0,50,10,3,0,1,0
700,300,50,300,234,310,-3,0,0,50,13,3,0,1,0
700,300,50,300,231,310,-3,0,0,50,16,3,0,1,0
700,300,50,285,228,310,-3,1,0,50,19,3,0,1,0
700,300,50,271,225,310,-3,1,0,50,22,3,0,1,0
700,300,50,258,222,310,-3,1,0,50,25,3,0,1,0
700,300,50,246,219,310,-3,1,0,50,28,3,0,1,0
700,300,50,235,216,310,-3,1,0,50,31,3,0,1,0
700,300,50,225,213,310,-3,1,0,50,34,3,0,1,0
700,300,50,216,210,310,-3,1,0,50,37,3,0,1,0
700,300,50,208,207,310,-3,1,0,50,40,3,0,1,0
700,300,50,201,204,310,-3,1,0,50,43,3,0,1,0
700,300,50,195,201,310,-3,1,0,50,46,3,0,1,0
700,300,50,190,198,310,-3,1,0,50,49,3,0,1,0
700,300,50,186,195,310,-3,1,0,50,52,3,0,1,0
700,300,50,183,192,310,-3,1,0,50,55,3,0,1,0
700,300,50,181,189,310,-3,1,0,50,58,3,0,1,0
700,300,50,180,186,310,-3,1,0,50,61,3,0,1,0
700,300,50,180,183,310,-3,1,0,50,64,3,0,1,0
700,300,50,181,180,310,-3,1,0,50,67,3,0,1,0
700,300,50,183,177,310,-3,1,0,50,70,3,0,1,0
700,300,50,186,174,310,-3,1,0,50,73,3,0,1,0
700,300,50,190,171,310,-3,1,0,50,76,3,0,1,0
700,300,50,195,168,310,-3,1,0,50,79,3,0,1,0
700,300,50,201,165,310,-3,1,0,50,82,3,0,1,0
700,300,50,208,162,310,-3,1,0,50,85,3,0,1,0
700,300,50,216,159,310,-3,1,0,50,88,3,0,1,0
700,300,50,225,156,310,-3,1,0,50,91,3,0,1,0
700,300,50,235,153,310,-3,1,0,50,94,3,0,1,0
700,300,50,246,150,310,-3,1,0,50,97,3,0,1,0
700,300,50,258,147,310,-3,1,0,50,100,3,0,1,0
700,300,50,271,144,310,-3,1,0,50,103,3,0,1,0
700,300,50,285,141,310,-3,1,0,50,106,3,0,1,0
700,300,50,300,138,310,-3,0,0,50,109,3,0,1,0
700,300,50,300,135,310,-3,0,0,50,112,3,0,1,0
700,300,50,300,132,310,-3,0,0,50,115,3,0,1,0
700,300,50,300,129,310,-3,0,0,50,118,3,0,1,0
700,300,50,300,126,310,-3,0,0,50,121,3,0,1,0
700,300,50,300,123,310,-3,0,0,50,124,3,0,1,0
700,300,50,300,120,310,-3,0,0,50,127,3,0,1,0
700,300,50,300,117,310,-3,0,0,50,130,3,0,1,0
700,300,50,300,114,310,-3,0,0,50,133,3,0,1,0
700,300,50,300,111,310,-3,0,0,50,136,3,0,1,0
700,300,50,300,108,310,-3,0,0,50,139,3,0,1,0
700,300,50,300,105,310,-3,0,0,50,142,3,0,1,0
700,300,50,300,102,310,-3,0,0,50,145,3,0,1,0
700,300,50,300,99,310,-3,0,0,50,148,3,0,1,0
700,300,50,300,96,310,-3,0,0,50,151,3,0,1,0
700,300,50,300,93,310,-3,0,0,50,154,3,0,1,0
700,300,50,285,90,310,-3,1,0,50,157,3,0,1,0
700,300,50,271,87,310,-3,1,0,50,160,3,0,1,0
700,300,50,258,84,310,-3,1,0,50,163,3,0,1,0
700,300,50,246,81,310,-3,1,0,50,166,3,0,1,0
700,300,50,235,78,310,-3,1,0,50,169,3,0,1,0
700,300,50,225,75,310,-3,1,0,50,172,3,0,1,0
700,300,50,216,72,310,-3,1,0,50,175,3,0,1,0
700,300,50,208,69,310,-3,1,0,50,178,3,0,1,0
700,300,50,201,66,310,-3,1,0,50,181,3,0,1,0
700,300,50,300,750,310,-3,0,1,103,-50,5,0,1,0
700,300,50,300,745,310,-5,0,0,103,-46,4,0,1,0
700,300,50,300,740,310,-5,0,0,103,-42,4,0,1,0
700,300,50,300,735,310,-5,0,0,103,-38,4,0,1,0
700,300,50,300,730,310,-5,0,0,103,-34,4,0,1,0
700,300,50,300,725,310,-5,0,0,103,-30,4,0,1,0
700,300,50,300,720,310,-5,0,0,103,-26,4,0,1,0
700,300,50,300,715,310,-5,0,0,103,-22,4,0,1,0
700,300,50,300,710,310,-5,0,0,103,-18,4,0,1,0
700,300,50,300,705,310,-5,0,0,103,-14,4,0,1,0
700,300,50,300,700,310,-5,0,0,103,-10,4,0,1,0
700,300,50,300,695,310,-5,0,0,103,-6,4,0,1,0
700,300,50,300,690,310,-5,0,0,103,-2,4,0,1,0
700,300,50,300,685,310,-5,0,0,103,2,4,0,1,0
700,300,50,300,680,310,-5,0,0,103,6,4,0,1,0
700,300,50,300,675,310,-5,0,0,103,10,4,0,1,0
700,300,50,300,670,310,-5,0,0,103,14,4,0,1,0
700,300,50,300,665,310,-5,0,0,103,18,4,0,1,0
700,300,50,300,660,310,-5,0,0,103,22,4,0,1,0
700,300,50,300,655,310,-5,0,0,103,26,4,0,1,0
700,300,50,300,650,310,-5,0,0,103,30,4,0,1,0
700,300,50,300,645,310,-5,0,0,103,34,4,0,1,0
700,300,50,300,640,310,-5,0,0,103,38,4,0,1,0
700,300,50,300,635,310,-5,0,0,103,42,4,0,1,0
700,300,50,300,630,310,-5,0,0,103,46,4,0,1,0
700,300,50,300,625,310,-5,0,0,103,50,4,0,1,0
700,300,50,300,620,310,-5,0,0,103,54,4,0,1,0
700,300,50,300,615,310,-5,0,0,103,58,4,0,1,0
700,300,50,300,610,310,-5,0,0,103,62,4,0,1,0
700,300,50,300,605,310,-5,0,0,103,66,4,0,1,0
700,300,50,300,600,310,-5,0,0,103,70,4,0,1,0
700,300,50,300,595,310,-5,0,0,103,74,4,0,1,0
700,300,50,300,590,310,-5,0,0,103,78,4,0,1,0
700,300,50,300,585,310,-5,0,0,103,82,4,0,1,0
700,300,50,300,580,310,-5,0,0,103,86,4,0,1,0
700,300,50,300,575,310,-5,0,0,103,90,4,0,1,0
700,300,50,300,570,310,-5,0,0,103,94,4,0,1,0
700,300,50,300,565,310,-5,0,0,103,98,4,0,1,0
700,300,50,300,560,310,-5,0,0,103,102,4,0,1,0
700,300,50,300,555,310,-5,0,0,103,106,4,0,1,0
700,300,50,300,550,310,-5,0,0,103,110,4,0,1,0
700,300,50,300,545,310,-5,0,0,103,114,4,0,1,0
700,300,50,300,540,310,-5,0,0,103,118,4,0,1,0
700,300,50,300,535,310,-5,0,0,103,122,4,0,1,0
700,300,50,300,530,310,-5,0,0,103,126,4,0,1,0
700,300,50,300,525,310,-5,0,0,103,130,4,0,1,0
700,300,50,300,520,310,-5,0,0,103,134,4,0,1,0
700,300,50,300,515,310,-5,0,0,103,138,4,0,1,0
700,300,50,300,510,310,-5,0,0,103,142,4,0,1,0
700,300,50,300,505,310,-5,0,0,103,146,4,0,1,0
700,300,50,300,500,310,-5,0,0,103,150,4,0,1,0
700,300,50,300,495,310,-5,0,0,103,154,4,0,1,0
700,300,50,300,490,310,-5,0,0,103,158,4,0,1,0
700,300,50,300,485,310,-5,0,0,103,162,4,0,1,0
700,300,50,300,480,310,-5,0,0,103,166,4,0,1,0
700,300,50,300,475,310,-5,0,0,103,170,4,0,1,0
700,300,50,300,470,310,-5,0,0,103,174,4,0,1,0
700,300,50,300,465,310,-5,0,0,103,178,4,0,1,0
700,300,50,300,460,310,-5,0,0,103,182,4,0,1,0
700,300,50,300,455,310,-5,0,0,103,186,4,0,1,0
700,300,50,300,450,310,-5,0,0,103,190,4,0,1,0
700,300,50,300,445,310,-5,0,0,103,194,4,0,1,0
700,300,50,300,440,310,-5,0,0,103,198,4,0,1,0
700,300,50,300,435,310,-5,0,0,103,202,4,0,1,0
700,300,50,300,430,310,-5,0,0,103,206,4,0,1,0
700,300,50,300,425,310,-5,0,0,103,210,4,0,1,0
700,300,50,300,420,310,-5,0,0,103,214,4,0,1,0
700,300,50,300,415,310,-5,0,0,103,218,4,0,1,0
700,300,50,300,410,310,-5,0,0,103,222,4,0,1,0
700,300,50,300,405,310,-5,0,0,103,226,4,0,1,0
700,300,50,300,400,310,-5,0,0,103,230,4,0,1,0
700,300,50,300,395,310,-5,0,0,103,234,4,0,1,0
700,300,50,300,390,310,-5,0,0,103,238,4,0,1,0
700,300,50,300,385,310,-5,0,0,103,242,4,0,1,0
700,300,50,300,380,310,-5,0,0,103,246,4,0,1,0
700,300,50,300,375,310,-5,0,0,103,250,4,0,1,0
700,300,50,300,370,310,-5,0,0,103,254,4,0,1,0
700,300,50,300,365,310,-5,0,0,103,258,4,0,1,0
700,300,50,300,360,310,-5,0,0,103,262,4,0,1,0
700,300,50,300,355,310,-5,0,0,103,266,4,0,1,0
700,300,50,300,350,310,-5,0,0,103,270,4,0,1,0
700,300,50,300,345,310,-5,0,0,103,274,4,0,1,0
700,300,50,300,340,310,-5,0,0,103,278,4,0,1,0
700,300,50,300,335,310,-5,0,0,103,282,4,0,1,0
700,300,50,300,330,310,-5,0,0,103,286,4,0,1,0
700,300,50,300,325,310,-5,0,0,103,290,4,0,1,0
700,300,50,300,320,310,-5,0,0,103,294,4,0,1,0
700,300,50,300,315,310,-5,0,0,103,298,4,0,1,0
700,300,50,300,310,310,-5,0,0,103,302,4,0,1,0
700,300,50,300,305,310,-5,0,0,103,306,4,0,1,0
700,300,50,300,300,310,-5,0,0,103,310,4,0,1,0
700,300,50,300,295,310,-5,0,0,103,314,4,0,1,0
700,300,50,300,290,310,-5,0,0,103,318,4,0,1,0
700,300,50,300,285,310,-5,0,0,103,322,4,0,1,0
700,300,50,300,280,310,-5,0,0,103,326,4,0,1,0
700,300,50,300,275,310,-5,0,0,103,330,4,0,1,0
700,300,50,300,270,310,-5,0,0,103,334,4,0,1,0
700,300,50,300,265,310,-5,0,0,103,338,4,0,1,0
700,300,50,300,260,310,-5,0,0,103,342,4,0,1,0
700,300,50,300,255,310,-5,0,0,103,346,4,0,1,0
700,300,50,300,250,310,-5,0,0,103,350,4,0,1,0
700,300,50,300,245,310,-5,0,0,103,354,4,0,1,0
700,300,50,300,240,310,-5,0,0,103,358,4,0,1,0
700,300,50,300,235,310,-5,0,0,103,362,4,0,1,0
700,300,50,300,230,310,-5,0,0,103,366,4,0,1,0
700,300,50,300,225,310,-5,0,0,103,370,4,0,1,0
700,300,50,300,220,310,-5,0,0,103,374,4,0,1,0
700,300,50,300,215,310,-5,0,0,103,378,4,0,1,0
700,300,50,300,210,310,-5,0,0,103,382,4,0,1,0
700,300,50,300,205,310,-5,0,0,103,386,4,0,1,0
700,300,50,300,200,310,-5,0,0,103,390,4,0,1,0
700,300,50,300,195,310,-5,0,0,103,394,4,0,1,0
700,300,50,300,190,310,-5,0,0,103,398,4,0,1,0
700,300,50,300,185,310,-5,0,0,50,-50,4,0,1,0
700,300,50,300,180,310,-5,0,0,50,-46,4,0,1,0
700,300,50,300,175,310,-5,0,0,50,-42,4,0,1,0
700,300,50,300,170,310,-5,0,0,50,-38,4,0,1,0
700,300,50,300,165,310,-5,0,0,50,-34,4,0,1,0
700,300,50,300,160,310,-5,0,0,50,-30,4,0,1,0
700,300,50,300,155,310,-5,0,0,50,-26,4,0,1,0
700,300,50,300,150,310,-5,0,0,50,-22,4,0,1,0
700,300,50,300,145,310,-5,0,0,50,-18,4,0,1,0
700,300,50,300,140,310,-5,0,0,50,-14,4,0,1,0
700,300,50,300,135,310,-5,0,0,50,-10,4,0,1,0
700,300,50,300,130,310,-5,0,0,50,-6,4,0,1,0
700,300,50,300,125,310,-5,0,0,50,-2,4,0,1,0
700,300,50,300,120,310,-5,0,0,50,2,4,0,1,0
700,300,50,300,115,310,-5,0,0,50,6,4,0,1,0
700,300,50,300,110,310,-5,0,0,50,10,4,0,1,0
700,300,50,300,105,310,-5,0,0,50,14,4,0,1,0
700,300,50,300,100,310,-5,0,0,50,18,4,0,1,0
700,300,50,300,95,310,-5,0,0,50,22,4,0,1,0
700,300,50,300,90,310,-5,0,0,50,26,4,0,1,0
700,300,50,300,85,310,-5,0,0,50,30,4,0,1,0
700,300,50,300,750,310,-5,0,1,319,-50,6,0,1,0
700,300,50,300,746,310,-4,0,0,319,-47,3,0,1,0
700,300,50,300,742,310,-4,0,0,319,-44,3,0,1,0
700,300,50,300,738,310,-4,0,0,319,-41,3,0,1,0
700,300,50,300,734,310,-4,0,0,319,-38,3,0,1,0
700,300,50,300,730,310,-4,0,0,319,-35,3,0,1,0
700,300,50,300,726,310,-4,0,0,319,-32,3,0,1,0
700,300,50,300,722,310,-4,0,0,319,-29,3,0,1,0
700,300,50,300,718,310,-4,0,0,319,-26,3,0,1,0
700,300,50,300,714,310,-4,0,0,319,-23,3,0,1,0
700,300,50,300,710,310,-4,0,0,319,-20,3,0,1,0
700,300,50,300,706,310,-4,0,0,319,-17,3,0,1,0
700,300,50,300,702,310,-4,0,0,319,-14,3,0,1,0
700,300,50,300,698,310,-4,0,0,319,-11,3,0,1,0
700,300,50,300,694,310,-4,0,0,319,-8,3,0,1,0
700,300,50,300,690,310,-4,0,0,319,-5,3,0,1,0
700,300,50,300,686,310,-4,0,0,319,-2,3,0,1,0
700,300,50,300,682,310,-4,0,0,319,1,3,0,1,0
700,300,50,300,678,310,-4,0,0,319,4,3,0,1,0
700,300,50,300,674,310,-4,0,0,319,7,3,0,1,0
700,300,50,300,670,310,-4,0,0,319,10,3,0,1,0
700,300,50,300,666,310,-4,0,0,319,13,3,0,1,0
700,300,50,300,662,310,-4,0,0,319,16,3,0,1,0
700,300,50,300,658,310,-4,0,0,319,19,3,0,1,0
700,300,50,300,654,310,-4,0,0,319,22,3,0,1,0
700,300,50,300,650,310,-4,0,0,319,25,3,0,1,0
700,300,50,300,646,310,-4,0,0,319,28,3,0,1,0
700,300,50,300,642,310,-4,0,0,319,31,3,0,1,0
700,300,50,300,638,310,-4,0,0,319,34,3,0,1,0
700,300,50,300,634,310,-4,0,0,319,37,3,0,1,0
700,300,50,300,630,310,-4,0,0,319,40,3,0,1,0
700,300,50,300,626,310,-4,0,0,319,43,3,0,1,0
700,300,50,300,622,310,-4,0,0,319,46,3,0,1,0
700,300,50,300,618,310,-4,0,0,319,49,3,0,1,0
700,300,50,300,614,310,-4,0,0,319,52,3,0,1,0
700,300,50,300,610,310,-4,0,0,319,55,3,0,1,0
700,300,50,300,606,310,-4,0,0,319,58,3,0,1,0
700,300,50,300,602,310,-4,0,0,319,61,3,0,1,0
700,300,50,300,598,310,-4,0,0,319,64,3,0,1,0
700,300,50,300,594,310,-4,0,0,319,67,3,0,1,0
700,300,50,300,590,310,-4,0,0,319,70,3,0,1,0
700,300,50,300,586,310,-4,0,0,319,73,3,0,1,0
700,300,50,300,582,310,-4,0,0,319,76,3,0,1,0
700,300,50,300,578,310,-4,0,0,319,79,3,0,1,0
700,300,50,300,574,310,-4,0,0,319,82,3,0,1,0
700,300,50,300,570,310,-4,0,0,319,85,3,0,1,0
700,300,50,300,566,310,-4,0,0,319,88,3,0,1,0
700,300,50,300,562,310,-4,0,0,319,91,3,0,1,0
700,300,50,300,558,310,-4,0,0,319,94,3,0,1,0
700,300,50,300,554,310,-4,0,0,319,97,3,0,1,0
700,300,50,300,550,310,-4,0,0,319,100,3,0,1,0
700,300,50,300,546,310,-4,0,0,319,103,3,0,1,0
700,300,50,300,542,310,-4,0,0,319,106,3,0,1,0
700,300,50,300,538,310,-4,0,0,319,109,3,0,1,0
700,300,50,300,534,310,-4,0,0,319,112,3,0,1,0
700,300,50,300,530,310,-4,0,0,319,115,3,0,1,0
700,300,50,300,526,310,-4,0,0,319,118,3,0,1,0
700,300,50,300,522,310,-4,0,0,319,121,3,0,1,0
700,300,50,300,518,310,-4,0,0,319,124,3,0,1,0
700,300,50,300,514,310,-4,0,0,319,127,3,0,1,0
700,300,50,300,510,310,-4,0,0,319,130,3,0,1,0
700,300,50,300,506,310,-4,0,0,319,133,3,0,1,0
700,300,50,300,502,310,-4,0,0,319,136,3,0,1,0
700,300,50,300,498,310,-4,0,0,319,139,3,0,1,0
700,300,50,300,494,310,-4,0,0,319,142,3,0,1,0
700,300,50,300,490,310,-4,0,0,319,145,3,0,1,0
700,300,50,300,486,310,-4,0,0,319,148,3,0,1,0
700,300,50,300,482,310,-4,0,0,319,151,3,0,1,0
700,300,50,300,478,310,-4,0,0,319,154,3,0,1,0
700,300,50,300,474,310,-4,0,0,319,157,3,0,1,0
700,300,50,300,470,310,-4,0,0,319,160,3,0,1,0
700,300,50,300,466,310,-4,0,0,319,163,3,0,1,0
700,300,50,300,462,310,-4,0,0,319,166,3,0,1,0
700,300,50,300,458,310,-4,0,0,319,169,3,0,1,0
700,300,50,300,454,310,-4,0,0,319,172,3,0,1,0
700,300,50,300,450,310,-4,0,0,319,175,3,0,1,0
700,300,50,300,446,310,-4,0,0,319,178,3,0,1,0
700,300,50,300,442,310,-4,0,0,319,181,3,0,1,0
700,300,50,300,438,310,-4,0,0,319,184,3,0,1,0
700,300,50,300,434,310,-4,0,0,319,187,3,0,1,0
700,300,50,300,430,310,-4,0,0,319,190,3,0,1,0
700,300,50,300,426,310,-4,0,0,319,193,3,0,1,0
700,300,50,300,422,310,-4,0,0,319,196,3,0,1,0
700,300,50,300,418,310,-4,0,0,319,199,3,0,1,0
700,300,50,300,414,310,-4,0,0,319,202,3,0,1,0
700,300,50,300,410,310,-4,0,0,319,205,3,0,1,0
700,300,50,300,406,310,-4,0,0,319,208,3,0,1,0
700,300,50,300,402,310,-4,0,0,319,211,3,0,1,0
700,300,50,300,398,310,-4,0,0,319,214,3,0,1,0
700,300,50,300,394,310,-4,0,0,319,217,3,0,1,0
700,300,50,300,390,310,-4,0,0,319,220,3,0,1,0
700,300,50,300,386,310,-4,0,0,319,223,3,0,1,0
700,300,50,300,382,310,-4,0,0,319,226,3,0,1,0
700,300,50,300,378,310,-4,0,0,319,229,3,0,1,0
700,300,50,300,374,310,-4,0,0,319,232,3,0,1,0
700,300,50,300,370,310,-4,0,0,319,235,3,0,1,0
700,300,50,300,366,310,-4,0,0,319,238,3,0,1,0
700,300,50,300,362,310,-4,0,0,319,241,3,0,1,0
700,300,50,300,358,310,-4,0,0,319,244,3,0,1,0
700,300,50,300,354,310,-4,0,0,319,247,3,0,1,0
700,300,50,300,350,310,-4,0,0,319,250,3,0,1,0
700,300,50,300,346,310,-4,0,0,319,253,3,0,1,0
700,300,50,300,342,310,-4,0,0,319,256,3,0,1,0
700,300,50,300,338,310,-4,0,0,319,259,3,0,1,0
700,300,50,300,334,310,-4,0,0,319,262,3,0,1,0
700,300,50,300,330,310,-4,0,0,319,265,3,0,1,0
700,300,50,300,326,310,-4,0,0,319,268,3,0,1,0
700,300,50,300,322,310,-4,0,0,319,271,3,0,1,0
700,300,50,300,318,310,-4,0,0,319,274,3,0,1,0
700,300,50,300,314,310,-4,0,0,319,277,3,0,1,0
700,300,50,300,310,310,-4,0,0,319,280,3,0,1,0
700,300,50,300,306,310,-4,0,0,319,283,3,0,1,0
700,300,50,300,302,310,-4,0,0,319,286,3,0,1,0
700,300,50,300,298,310,-4,0,0,319,289,3,0,1,0
700,300,50,300,294,310,-4,0,0,319,292,3,0,1,0
700,300,50,300,290,310,-4,0,0,319,295,3,0,1,0
700,300,50,300,286,310,-4,0,0,319,298,3,0,1,0
700,300,50,300,282,310,-4,0,0,319,301,3,0,1,0
700,300,50,300,278,310,-4,0,0,319,304,3,0,1,0
700,300,50,300,274,310,-4,0,0,319,307,3,0,1,0
700,300,50,300,270,310,-4,0,0,319,310,3,0,1,0
700,300,50,300,266,310,-4,0,0,319,313,3,0,1,0
700,300,50,300,262,310,-4,0,0,319,316,3,0,1,0
700,300,50,300,258,310,-4,0,0,319,319,3,0,1,0
700,300,50,300,254,310,-4,0,0,319,322,3,0,1,0
700,300,50,300,250,310,-4,0,0,319,325,3,0,1,0
700,300,50,300,246,310,-4,0,0,319,328,3,0,1,0
700,300,50,300,242,310,-4,0,0,319,331,3,0,1,0
700,300,50,300,238,310,-4,0,0,319,334,3,0,1,0
700,300,50,300,234,310,-4,0,0,319,337,3,0,1,0
700,300,50,300,230,310,-4,0,0,319,340,3,0,1,0
700,300,50,300,226,310,-4,0,0,319,343,3,0,1,0
700,300,50,300,222,310,-4,0,0,319,346,3,0,1,0
700,300,50,300,218,310,-4,0,0,319,349,3,0,1,0
700,300,50,300,214,310,-4,0,0,319,352,3,0,1,0
700,300,50,300,210,310,-4,0,0,319,355,3,0,1,0
700,300,50,300,206,310,-4,0,0,319,358,3,0,1,0
700,300,50,300,202,310,-4,0,0,319,361,3,0,1,0
700,300,50,300,198,310,-4,0,0,319,364,3,0,1,0
700,300,50,300,194,310,-4,0,0,319,367,3,0,1,0
700,300,50,300,190,310,-4,0,0,319,370,3,0,1,0
700,300,50,300,186,310,-4,0,0,319,373,3,0,1,0
700,300,50,300,182,310,-4,0,0,319,376,3,0,1,0
700,300,50,300,178,310,-4,0,0,319,379,3,0,1,0
700,300,50,300,174,310,-4,0,0,319,382,3,0,1,0
700,300,50,300,170,310,-4,0,0,319,385,3,0,1,0
700,300,50,300,166,310,-4,0,0,319,388,3,0,1,0
700,300,50,300,162,310,-4,0,0,319,391,3,0,1,0
700,300,50,300,158,310,-4,0,0,319,394,3,0,1,0
700,300,50,300,154,310,-4,0,0,319,397,3,0,1,0
700,300,50,300,150,310,-4,0,0,319,400,3,0,1,0
700,300,50,300,146,310,-4,0,0,50,-50,7,0,1,0
700,300,50,300,142,310,-4,0,0,50,-43,7,0,1,0
700,300,50,300,138,310,-4,0,0,50,-36,7,0,1,0
700,300,50,300,134,310,-4,0,0,50,-29,7,0,1,0
700,300,50,300,130,310,-4,0,0,50,-22,7,0,1,0
700,300,50,300,126,310,-4,0,0,50,-15,7,0,1,0
700,300,50,300,122,310,-4,0,0,50,-8,7,0,1,0
700,300,50,300,118,310,-4,0,0,50,-1,7,0,1,0
700,300,50,300,114,310,-4,0,0,50,6,7,0,1,0
700,300,50,300,110,310,-4,0,0,50,13,7,0,1,0
700,300,50,300,106,310,-4,0,0,50,20,7,0,1,0
700,300,50,300,102,310,-4,0,0,50,27,7,0,1,0
700,300,50,300,98,310,-4,0,0,50,34,7,0,1,0
700,300,50,300,94,310,-4,0,0,50,41,7,0,1,0
700,300,50,300,90,310,-4,0,0,50,48,7,0,1,0
700,300,50,300,86,310,-4,0,0,50,55,7,0,1,0
700,300,50,300,82,310,-4,0,0,50,62,7,0,1,0
